Workbook

Sheet FBMS-HND LEVEL TWO (2) FREQ
A1: Catholic University of Cameroon, CATUC, Bamenda
A2: Faculty of business & Management Sciences-HND
A3: First Semester Exam 2023-2024
A4: Department: | B4: Common course
A5: Course Code | B5: FRE 2101
A6: Course Title | B6: Functional French III
A7: Credit Value | B7: 2
A8: Lecturer | B8: Dr Ngoran George
A9: Level: 2 | B9: HND/FBMS 2 | L9: Grades | M9: Remarks | N9: STATISTICS
A10: S/N | B10: MAT. NO | C10: NAME | D10: Exam Codes | E10: Att/10 | F10: CA/30 | G10: Tot/40 | H10: sign in | I10: sign out | J10: Exam/60 | K10: Total/100 | N10: No. Registered | O10: =COUNT(G12:G65) -> 48
A11: Common Course | N11: No. Examined | O11: =COUNT(J12:J65) -> 45
A12: =ROW(A1) -> 1 | B12: 338222H | C12: Abdou Ziena Madinatou | D12: FRE 2101/17 | E12: 8 | F12: 23 | G12: =SUM(E12:F12) -> 31 | J12: 26 | K12: =SUM(G12:J12) -> 57 | L12: =IF(K12>=80,"A",IF(K12>=70,"B+",IF(K12>=60,"B",IF(K12>=55,"C+",IF(K12>=50,"C",IF(K12>=45,"D+",IF(K12>=40,"D","F"))))))) -> C+ | M12: =IF(K12>=50,"Passed","Failed") -> Passed | N12: No . ABS | O12: =O10-O11 -> 3
A13: =ROW(A2) -> 2 | B13: 330322H | C13: Acha Victory Nweyeh-kah | D13: FRE 2101/44 | E13: 8 | F13: 19 | G13: =SUM(E13:F13) -> 27 | J13: 26 | K13: =SUM(G13:J13) -> 53 | L13: =IF(K13>=80,"A",IF(K13>=70,"B+",IF(K13>=60,"B",IF(K13>=55,"C+",IF(K13>=50,"C",IF(K13>=45,"D+",IF(K13>=40,"D","F"))))))) -> C | M13: =IF(K13>=50,"Passed","Failed") -> Passed | N13: No. Passed | O13: =COUNTIF(M12:M65,"Passed") -> 33
A14: =ROW(A3) -> 3 | B14: 340822H | C14: Akang Courage Bi | D14: FRE 2101/12 | E14: 8 | F14: 23 | G14: =SUM(E14:F14) -> 31 | J14: 28 | K14: =SUM(G14:J14) -> 59 | L14: =IF(K14>=80,"A",IF(K14>=70,"B+",IF(K14>=60,"B",IF(K14>=55,"C+",IF(K14>=50,"C",IF(K14>=45,"D+",IF(K14>=40,"D","F"))))))) -> C+ | M14: =IF(K14>=50,"Passed","Failed") -> Passed | N14: % Pass | O14: =O13/O11% -> 73.333333
A15: =ROW(A4) -> 4 | B15: 340922H | C15: Awah Priddy Mboh-Ngeh | D15: FRE 2101/34 | E15: 8 | F15: 20 | G15: =SUM(E15:F15) -> 28 | J15: 20 | K15: =SUM(G15:J15) -> 48 | L15: =IF(K15>=80,"A",IF(K15>=70,"B+",IF(K15>=60,"B",IF(K15>=55,"C+",IF(K15>=50,"C",IF(K15>=45,"D+",IF(K15>=40,"D","F"))))))) -> D+ | M15: =IF(K15>=50,"Passed","Failed") -> Failed | N15: No. Failed | O15: =COUNTIF(M12:M65,"failed") -> 12
A16: =ROW(A5) -> 5 | B16: 330522H | C16: Bin Abigael Nwa | D16: FRE 2101/21 | E16: 8 | F16: 26 | G16: =SUM(E16:F16) -> 34 | J16: 32 | K16: =SUM(G16:J16) -> 66 | L16: =IF(K16>=80,"A",IF(K16>=70,"B+",IF(K16>=60,"B",IF(K16>=55,"C+",IF(K16>=50,"C",IF(K16>=45,"D+",IF(K16>=40,"D","F"))))))) -> B | M16: =IF(K16>=50,"Passed","Failed") -> Passed | N16: % Failed | O16: =O15/O11% -> 26.666667
A17: =ROW(A6) -> 6 | B17: 337322H | C17: Famah Shamah Nfor | D17: FRE 2101/11 | E17: 8 | F17: 21 | G17: =SUM(E17:F17) -> 29 | J17: 26 | K17: =SUM(G17:J17) -> 55 | L17: =IF(K17>=80,"A",IF(K17>=70,"B+",IF(K17>=60,"B",IF(K17>=55,"C+",IF(K17>=50,"C",IF(K17>=45,"D+",IF(K17>=40,"D","F"))))))) -> C+ | M17: =IF(K17>=50,"Passed","Failed") -> Passed | N17: Course Average | O17: =AVERAGE(K12:K65) -> 54.177778
A18: =ROW(A7) -> 7 | B18: 360022H | C18: Favour Bongnavti Aloni | D18: FRE 2101/
A19: =ROW(A8) -> 8 | B19: 345122H | C19: Fri Jenifer Chick | D19: FRE 2101/32 | E19: 8 | F19: 22 | G19: =SUM(E19:F19) -> 30 | J19: 24 | K19: =SUM(G19:J19) -> 54 | L19: =IF(K19>=80,"A",IF(K19>=70,"B+",IF(K19>=60,"B",IF(K19>=55,"C+",IF(K19>=50,"C",IF(K19>=45,"D+",IF(K19>=40,"D","F"))))))) -> C | M19: =IF(K19>=50,"Passed","Failed") -> Passed
A20: =ROW(A9) -> 9 | B20: 329522H | C20: Hawa Amira Ibrahim | D20: FRE 2101/37 | E20: 8 | F20: 21 | G20: =SUM(E20:F20) -> 29 | J20: 42 | K20: =SUM(G20:J20) -> 71 | L20: =IF(K20>=80,"A",IF(K20>=70,"B+",IF(K20>=60,"B",IF(K20>=55,"C+",IF(K20>=50,"C",IF(K20>=45,"D+",IF(K20>=40,"D","F"))))))) -> B+ | M20: =IF(K20>=50,"Passed","Failed") -> Passed | N20: Grades
A21: =ROW(A10) -> 10 | B21: 352522H | C21: Mbuya Excel Ngeh | D21: FRE 2101/15 | E21: 8 | F21: 12 | G21: =SUM(E21:F21) -> 20 | J21: 8 | K21: =SUM(G21:J21) -> 28 | L21: =IF(K21>=80,"A",IF(K21>=70,"B+",IF(K21>=60,"B",IF(K21>=55,"C+",IF(K21>=50,"C",IF(K21>=45,"D+",IF(K21>=40,"D","F"))))))) -> F | M21: =IF(K21>=50,"Passed","Failed") -> Failed | O21: A | P21: B+ | Q21: B | R21: C+ | S21: C | T21: D+ | U21: D | V21: F
A22: =ROW(A11) -> 11 | B22: 320021H | C22: Muna Beltus | D22: FRE 2101/ | O22: =COUNTIF(L12:L65,"A") -> 0 | P22: =COUNTIF(L12:L65,"B+") -> 2 | Q22: =COUNTIF(L12:L65,"B") -> 9 | R22: =COUNTIF(L12:L65,"C+") -> 9 | S22: =COUNTIF(L12:L65,"C") -> 13 | T22: =COUNTIF(L12:L65,"D+") -> 6 | U22: =COUNTIF(L12:L65,"D") -> 5 | V22: =COUNTIF(L12:L65,"F") -> 1
A23: =ROW(A12) -> 12 | B23: 330422H | C23: Nde Cindy-Bright Luh | D23: FRE 2101/3 | E23: 8 | F23: 19 | G23: =SUM(E23:F23) -> 27 | J23: 31 | K23: =SUM(G23:J23) -> 58 | L23: =IF(K23>=80,"A",IF(K23>=70,"B+",IF(K23>=60,"B",IF(K23>=55,"C+",IF(K23>=50,"C",IF(K23>=45,"D+",IF(K23>=40,"D","F"))))))) -> C+ | M23: =IF(K23>=50,"Passed","Failed") -> Passed
A24: =ROW(A13) -> 13 | B24: 337922H | C24: Ndukong Seraphine Mangwang | D24: FRE 2101/8 | E24: 8 | F24: 15 | G24: =SUM(E24:F24) -> 23 | J24: 31 | K24: =SUM(G24:J24) -> 54 | L24: =IF(K24>=80,"A",IF(K24>=70,"B+",IF(K24>=60,"B",IF(K24>=55,"C+",IF(K24>=50,"C",IF(K24>=45,"D+",IF(K24>=40,"D","F"))))))) -> C | M24: =IF(K24>=50,"Passed","Failed") -> Passed
A25: 14 | B25: 341722H | C25: Nformi Christabella | D25: FRE 2101/46 | E25: 8 | F25: 15 | G25: =SUM(E25:F25) -> 23 | J25: 19 | K25: =SUM(G25:J25) -> 42 | L25: =IF(K25>=80,"A",IF(K25>=70,"B+",IF(K25>=60,"B",IF(K25>=55,"C+",IF(K25>=50,"C",IF(K25>=45,"D+",IF(K25>=40,"D","F"))))))) -> D | M25: =IF(K25>=50,"Passed","Failed") -> Failed
A26: =ROW(A15) -> 15 | B26: 347622H | C26: Ngam Hedwig Afumbom | D26: FRE 2101/47 | E26: 8 | F26: 20 | G26: =SUM(E26:F26) -> 28 | J26: 21 | K26: =SUM(G26:J26) -> 49 | L26: =IF(K26>=80,"A",IF(K26>=70,"B+",IF(K26>=60,"B",IF(K26>=55,"C+",IF(K26>=50,"C",IF(K26>=45,"D+",IF(K26>=40,"D","F"))))))) -> D+ | M26: =IF(K26>=50,"Passed","Failed") -> Failed
A27: =ROW(A16) -> 16 | B27: 329422H | C27: Ngwa Joseph Neba | D27: FRE 2101/20 | E27: 8 | F27: 18 | G27: =SUM(E27:F27) -> 26 | J27: 14 | K27: =SUM(G27:J27) -> 40 | L27: =IF(K27>=80,"A",IF(K27>=70,"B+",IF(K27>=60,"B",IF(K27>=55,"C+",IF(K27>=50,"C",IF(K27>=45,"D+",IF(K27>=40,"D","F"))))))) -> D | M27: =IF(K27>=50,"Passed","Failed") -> Failed
A28: =ROW(A17) -> 17 | B28: 350122H | C28: Nyuydzewira Lorantine Shuka | D28: FRE 2101/16 | E28: 8 | F28: 21 | G28: =SUM(E28:F28) -> 29 | J28: 32 | K28: =SUM(G28:J28) -> 61 | L28: =IF(K28>=80,"A",IF(K28>=70,"B+",IF(K28>=60,"B",IF(K28>=55,"C+",IF(K28>=50,"C",IF(K28>=45,"D+",IF(K28>=40,"D","F"))))))) -> B | M28: =IF(K28>=50,"Passed","Failed") -> Passed
A29: =ROW(A18) -> 18 | B29: 367522H | C29: Samnissi Rawllings Galabe | D29: FRE 2101/2
A30: =ROW(A19) -> 19 | B30: 335622H | C30: Stercy Megan Agbor | D30: FRE 2101/26
A31: =ROW(A20) -> 20 | B31: 347022H | C31: Suzyl Wiyrdzernyuy | D31: FRE 2101/36 | E31: 8 | F31: 30 | G31: =SUM(E31:F31) -> 38 | J31: 27 | K31: =SUM(G31:J31) -> 65 | L31: =IF(K31>=80,"A",IF(K31>=70,"B+",IF(K31>=60,"B",IF(K31>=55,"C+",IF(K31>=50,"C",IF(K31>=45,"D+",IF(K31>=40,"D","F"))))))) -> B | M31: =IF(K31>=50,"Passed","Failed") -> Passed
A32: =ROW(A21) -> 21 | B32: 337222H | C32: Tah Marceline Kemaka | D32: FRE 2101/9 | E32: 8 | F32: 18 | G32: =SUM(E32:F32) -> 26 | J32: 27 | K32: =SUM(G32:J32) -> 53 | L32: =IF(K32>=80,"A",IF(K32>=70,"B+",IF(K32>=60,"B",IF(K32>=55,"C+",IF(K32>=50,"C",IF(K32>=45,"D+",IF(K32>=40,"D","F"))))))) -> C | M32: =IF(K32>=50,"Passed","Failed") -> Passed
A33: =ROW(A22) -> 22 | B33: 344522H | C33: Yirenwie-Mado Favour Munjere | D33: FRE 2101/14 | E33: 8 | F33: 19 | G33: =SUM(E33:F33) -> 27 | J33: 33 | K33: =SUM(G33:J33) -> 60 | L33: =IF(K33>=80,"A",IF(K33>=70,"B+",IF(K33>=60,"B",IF(K33>=55,"C+",IF(K33>=50,"C",IF(K33>=45,"D+",IF(K33>=40,"D","F"))))))) -> B | M33: =IF(K33>=50,"Passed","Failed") -> Passed
A34: =ROW(A23) -> 23 | B34: 334522H | C34: Ntungwen Brian | D34: FRE 2101/31 | E34: 8 | F34: 18 | G34: =SUM(E34:F34) -> 26 | J34: 26 | K34: =SUM(G34:J34) -> 52 | L34: =IF(K34>=80,"A",IF(K34>=70,"B+",IF(K34>=60,"B",IF(K34>=55,"C+",IF(K34>=50,"C",IF(K34>=45,"D+",IF(K34>=40,"D","F"))))))) -> C | M34: =IF(K34>=50,"Passed","Failed") -> Passed
A35: =ROW(A24) -> 24 | B35: 341822H | C35: Ajeakwa Keziah Umenek | D35: FRE 2101/22 | E35: 8 | F35: 16 | G35: =SUM(E35:F35) -> 24 | J35: 16 | K35: =SUM(G35:J35) -> 40 | L35: =IF(K35>=80,"A",IF(K35>=70,"B+",IF(K35>=60,"B",IF(K35>=55,"C+",IF(K35>=50,"C",IF(K35>=45,"D+",IF(K35>=40,"D","F"))))))) -> D | M35: =IF(K35>=50,"Passed","Failed") -> Failed
A36: =ROW(A25) -> 25 | B36: 335722H | C36: Bih Larissa Ngang | D36: FRE 2101/48 | E36: 8 | F36: 20 | G36: =SUM(E36:F36) -> 28 | J36: 34 | K36: =SUM(G36:J36) -> 62 | L36: =IF(K36>=80,"A",IF(K36>=70,"B+",IF(K36>=60,"B",IF(K36>=55,"C+",IF(K36>=50,"C",IF(K36>=45,"D+",IF(K36>=40,"D","F"))))))) -> B | M36: =IF(K36>=50,"Passed","Failed") -> Passed
A37: =ROW(A26) -> 26 | B37: 341522H | C37: Bih Mary-Ann Anchimbom Lainsi | D37: FRE 2101/10 | E37: 8 | F37: 22 | G37: =SUM(E37:F37) -> 30 | J37: 28 | K37: =SUM(G37:J37) -> 58 | L37: =IF(K37>=80,"A",IF(K37>=70,"B+",IF(K37>=60,"B",IF(K37>=55,"C+",IF(K37>=50,"C",IF(K37>=45,"D+",IF(K37>=40,"D","F"))))))) -> C+ | M37: =IF(K37>=50,"Passed","Failed") -> Passed
A38: =ROW(A27) -> 27 | B38: 328522H | C38: Formari Marion Mah | D38: FRE 2101/13 | E38: 8 | F38: 26 | G38: =SUM(E38:F38) -> 34 | J38: 14 | K38: =SUM(G38:J38) -> 48 | L38: =IF(K38>=80,"A",IF(K38>=70,"B+",IF(K38>=60,"B",IF(K38>=55,"C+",IF(K38>=50,"C",IF(K38>=45,"D+",IF(K38>=40,"D","F"))))))) -> D+ | M38: =IF(K38>=50,"Passed","Failed") -> Failed
A39: =ROW(A28) -> 28 | B39: 341022H | C39: Frou Excel Esepene | D39: FRE 2101/29 | E39: 8 | F39: 18 | G39: =SUM(E39:F39) -> 26 | J39: 24 | K39: =SUM(G39:J39) -> 50 | L39: =IF(K39>=80,"A",IF(K39>=70,"B+",IF(K39>=60,"B",IF(K39>=55,"C+",IF(K39>=50,"C",IF(K39>=45,"D+",IF(K39>=40,"D","F"))))))) -> C | M39: =IF(K39>=50,"Passed","Failed") -> Passed
A40: =ROW(A29) -> 29 | B40: 332422H | C40: Kemeng Marigiselle Nteinmussi | D40: FRE 2101/18 | E40: 8 | F40: 21 | G40: =SUM(E40:F40) -> 29 | J40: 35 | K40: =SUM(G40:J40) -> 64 | L40: =IF(K40>=80,"A",IF(K40>=70,"B+",IF(K40>=60,"B",IF(K40>=55,"C+",IF(K40>=50,"C",IF(K40>=45,"D+",IF(K40>=40,"D","F"))))))) -> B | M40: =IF(K40>=50,"Passed","Failed") -> Passed
A41: =ROW(A30) -> 30 | B41: 331022H | C41: Ndeh Pleasant Ndoh Chrispris | D41: FRE 2101/30 | E41: 8 | F41: 21 | G41: =SUM(E41:F41) -> 29 | J41: 30 | K41: =SUM(G41:J41) -> 59 | L41: =IF(K41>=80,"A",IF(K41>=70,"B+",IF(K41>=60,"B",IF(K41>=55,"C+",IF(K41>=50,"C",IF(K41>=45,"D+",IF(K41>=40,"D","F"))))))) -> C+ | M41: =IF(K41>=50,"Passed","Failed") -> Passed
A42: =ROW(A31) -> 31 | B42: 350022H | C42: Sengla Carlvint | D42: FRE 2101/
A43: =ROW(A32) -> 32 | B43: 407423H | C43: Mala Larissa Awosang | D43: FRE 2101/1
A44: =ROW(A33) -> 33 | B44: 332622H | C44: Akemche Gisele Mange Beri | D44: FRE 2101/28 | E44: 8 | F44: 20 | G44: =SUM(E44:F44) -> 28 | J44: 26 | K44: =SUM(G44:J44) -> 54 | L44: =IF(K44>=80,"A",IF(K44>=70,"B+",IF(K44>=60,"B",IF(K44>=55,"C+",IF(K44>=50,"C",IF(K44>=45,"D+",IF(K44>=40,"D","F"))))))) -> C | M44: =IF(K44>=50,"Passed","Failed") -> Passed
A45: =ROW(A34) -> 34 | B45: 333022H | C45: Akumbom Emmanuel Fuh | D45: FRE 2101/33 | E45: 8 | F45: 15 | G45: =SUM(E45:F45) -> 23 | J45: 23 | K45: =SUM(G45:J45) -> 46 | L45: =IF(K45>=80,"A",IF(K45>=70,"B+",IF(K45>=60,"B",IF(K45>=55,"C+",IF(K45>=50,"C",IF(K45>=45,"D+",IF(K45>=40,"D","F"))))))) -> D+ | M45: =IF(K45>=50,"Passed","Failed") -> Failed
A46: =ROW(A35) -> 35 | B46: 332522H | C46: Chuyekeh Cecilia | D46: FRE 2101/6 | E46: 8 | F46: 25 | G46: =SUM(E46:F46) -> 33 | J46: 35 | K46: =SUM(G46:J46) -> 68 | L46: =IF(K46>=80,"A",IF(K46>=70,"B+",IF(K46>=60,"B",IF(K46>=55,"C+",IF(K46>=50,"C",IF(K46>=45,"D+",IF(K46>=40,"D","F"))))))) -> B | M46: =IF(K46>=50,"Passed","Failed") -> Passed
A47: =ROW(A36) -> 36 | B47: 332722H | C47: Cobbi Christian Cobbi | D47: FRE 2101/39 | E47: 8 | F47: 20 | G47: =SUM(E47:F47) -> 28 | J47: 22 | K47: =SUM(G47:J47) -> 50 | L47: =IF(K47>=80,"A",IF(K47>=70,"B+",IF(K47>=60,"B",IF(K47>=55,"C+",IF(K47>=50,"C",IF(K47>=45,"D+",IF(K47>=40,"D","F"))))))) -> C | M47: =IF(K47>=50,"Passed","Failed") -> Passed
A48: =ROW(A37) -> 37 | B48: 329322H | C48: Cornelius Oprins Anaughese | D48: FRE 2101/28 | E48: 8 | F48: 22 | G48: =SUM(E48:F48) -> 30 | J48: 26 | K48: =SUM(G48:J48) -> 56 | L48: =IF(K48>=80,"A",IF(K48>=70,"B+",IF(K48>=60,"B",IF(K48>=55,"C+",IF(K48>=50,"C",IF(K48>=45,"D+",IF(K48>=40,"D","F"))))))) -> C+ | M48: =IF(K48>=50,"Passed","Failed") -> Passed
A49: =ROW(A38) -> 38 | B49: 338422H | C49: Mbah Joel Nyoh | D49: FRE 2101/19 | E49: 8 | F49: 19 | G49: =SUM(E49:F49) -> 27 | J49: 26 | K49: =SUM(G49:J49) -> 53 | L49: =IF(K49>=80,"A",IF(K49>=70,"B+",IF(K49>=60,"B",IF(K49>=55,"C+",IF(K49>=50,"C",IF(K49>=45,"D+",IF(K49>=40,"D","F"))))))) -> C | M49: =IF(K49>=50,"Passed","Failed") -> Passed
A50: =ROW(A39) -> 39 | B50: 339722H | C50: Neh Oliveline Fru | D50: FRE 2101/43 | E50: 8 | F50: 20 | G50: =SUM(E50:F50) -> 28 | J50: 17 | K50: =SUM(G50:J50) -> 45 | L50: =IF(K50>=80,"A",IF(K50>=70,"B+",IF(K50>=60,"B",IF(K50>=55,"C+",IF(K50>=50,"C",IF(K50>=45,"D+",IF(K50>=40,"D","F"))))))) -> D+ | M50: =IF(K50>=50,"Passed","Failed") -> Failed
A51: =ROW(A40) -> 40 | B51: 330722H | C51: Ngewih Wundoh Cyril | D51: FRE 2101/25 | E51: 8 | F51: 15 | G51: =SUM(E51:F51) -> 23 | J51: 27 | K51: =SUM(G51:J51) -> 50 | L51: =IF(K51>=80,"A",IF(K51>=70,"B+",IF(K51>=60,"B",IF(K51>=55,"C+",IF(K51>=50,"C",IF(K51>=45,"D+",IF(K51>=40,"D","F"))))))) -> C | M51: =IF(K51>=50,"Passed","Failed") -> Passed
A52: =ROW(A41) -> 41 | B52: 354422H | C52: Ngum Courage Anyah | D52: FRE 2101/4 | E52: 8 | F52: 20 | G52: =SUM(E52:F52) -> 28 | J52: 32 | K52: =SUM(G52:J52) -> 60 | L52: =IF(K52>=80,"A",IF(K52>=70,"B+",IF(K52>=60,"B",IF(K52>=55,"C+",IF(K52>=50,"C",IF(K52>=45,"D+",IF(K52>=40,"D","F"))))))) -> B | M52: =IF(K52>=50,"Passed","Failed") -> Passed
A53: =ROW(A42) -> 42 | B53: 344632H | C53: Lum Noela Fru | D53: FRE 2101/35 | E53: 8 | F53: 30 | G53: =SUM(E53:F53) -> 38 | J53: 41 | K53: =SUM(G53:J53) -> 79 | L53: =IF(K53>=80,"A",IF(K53>=70,"B+",IF(K53>=60,"B",IF(K53>=55,"C+",IF(K53>=50,"C",IF(K53>=45,"D+",IF(K53>=40,"D","F"))))))) -> B+ | M53: =IF(K53>=50,"Passed","Failed") -> Passed
A54: =ROW(A43) -> 43 | B54: 330822H | C54: Aisha Oumarou Mohammed | D54: FRE 2101/41 | E54: 8 | F54: 23 | G54: =SUM(E54:F54) -> 31 | J54: 30 | K54: =SUM(G54:J54) -> 61 | L54: =IF(K54>=80,"A",IF(K54>=70,"B+",IF(K54>=60,"B",IF(K54>=55,"C+",IF(K54>=50,"C",IF(K54>=45,"D+",IF(K54>=40,"D","F"))))))) -> B | M54: =IF(K54>=50,"Passed","Failed") -> Passed
A55: =ROW(A44) -> 44 | B55: 330922H | C55: Aishatou Haro | D55: FRE 2101/38 | E55: 8 | F55: 19 | G55: =SUM(E55:F55) -> 27 | J55: 17 | K55: =SUM(G55:J55) -> 44 | L55: =IF(K55>=80,"A",IF(K55>=70,"B+",IF(K55>=60,"B",IF(K55>=55,"C+",IF(K55>=50,"C",IF(K55>=45,"D+",IF(K55>=40,"D","F"))))))) -> D | M55: =IF(K55>=50,"Passed","Failed") -> Failed
A56: =ROW(A45) -> 45 | B56: 334622H | C56: Bih Velda Anye | D56: FRE 2101/42 | E56: 8 | F56: 20 | G56: =SUM(E56:F56) -> 28 | J56: 16 | K56: =SUM(G56:J56) -> 44 | L56: =IF(K56>=80,"A",IF(K56>=70,"B+",IF(K56>=60,"B",IF(K56>=55,"C+",IF(K56>=50,"C",IF(K56>=45,"D+",IF(K56>=40,"D","F"))))))) -> D | M56: =IF(K56>=50,"Passed","Failed") -> Failed
A57: =ROW(A46) -> 46 | B57: 339622H | C57: Bunjoh Joel Wango | D57: FRE 2101/ | E57: 8 | F57: 15 | G57: =SUM(E57:F57) -> 23 | J57: ABS
A58: =ROW(A47) -> 47 | B58: 334422H | C58: Fombutu Delvis Ntungwen | D58: FRE 2101/ | E58: 8 | F58: 14 | G58: =SUM(E58:F58) -> 22 | J58: ABS
A59: =ROW(A48) -> 48 | B59: 332222H | C59: Ndeh Fru Vianney | D59: FRE 2101/ | E59: 8 | F59: 16 | G59: =SUM(E59:F59) -> 24 | J59: ABS
A60: =ROW(A49) -> 49 | B60: 335422H | C60: Ngong Tracy Tevu | D60: FRE 2101/24 | E60: 8 | F60: 18 | G60: =SUM(E60:F60) -> 26 | J60: 33 | K60: =SUM(G60:J60) -> 59 | L60: =IF(K60>=80,"A",IF(K60>=70,"B+",IF(K60>=60,"B",IF(K60>=55,"C+",IF(K60>=50,"C",IF(K60>=45,"D+",IF(K60>=40,"D","F"))))))) -> C+ | M60: =IF(K60>=50,"Passed","Failed") -> Passed
A61: =ROW(A50) -> 50 | B61: 348922H | C61: Nyamangong Antoinette Bohbo | D61: FRE 2101/23 | E61: 8 | F61: 15 | G61: =SUM(E61:F61) -> 23 | J61: 25 | K61: =SUM(G61:J61) -> 48 | L61: =IF(K61>=80,"A",IF(K61>=70,"B+",IF(K61>=60,"B",IF(K61>=55,"C+",IF(K61>=50,"C",IF(K61>=45,"D+",IF(K61>=40,"D","F"))))))) -> D+ | M61: =IF(K61>=50,"Passed","Failed") -> Failed
A62: =ROW(A51) -> 51 | B62: 335322H | C62: Pumah Victory Awa | D62: FRE 2101/40 | E62: 8 | F62: 19 | G62: =SUM(E62:F62) -> 27 | J62: 24 | K62: =SUM(G62:J62) -> 51 | L62: =IF(K62>=80,"A",IF(K62>=70,"B+",IF(K62>=60,"B",IF(K62>=55,"C+",IF(K62>=50,"C",IF(K62>=45,"D+",IF(K62>=40,"D","F"))))))) -> C | M62: =IF(K62>=50,"Passed","Failed") -> Passed
A63: =ROW(A52) -> 52 | B63: 352822H | C63: Sherene Singkeh Nganji | D63: FRE 2101/45 | E63: 8 | F63: 15 | G63: =SUM(E63:F63) -> 23 | J63: 30 | K63: =SUM(G63:J63) -> 53 | L63: =IF(K63>=80,"A",IF(K63>=70,"B+",IF(K63>=60,"B",IF(K63>=55,"C+",IF(K63>=50,"C",IF(K63>=45,"D+",IF(K63>=40,"D","F"))))))) -> C | M63: =IF(K63>=50,"Passed","Failed") -> Passed
A64: =ROW(A53) -> 53 | B64: 345022H | C64: Tebong Theodora Engonwei | D64: FRE 2101/7 | E64: 8 | F64: 23 | G64: =SUM(E64:F64) -> 31 | J64: 26 | K64: =SUM(G64:J64) -> 57 | L64: =IF(K64>=80,"A",IF(K64>=70,"B+",IF(K64>=60,"B",IF(K64>=55,"C+",IF(K64>=50,"C",IF(K64>=45,"D+",IF(K64>=40,"D","F"))))))) -> C+ | M64: =IF(K64>=50,"Passed","Failed") -> Passed
A65: =ROW(A54) -> 54 | B65: 352922H | C65: Zaliatou Yeba | D65: FRE 2101/5 | E65: 8 | F65: 15 | G65: =SUM(E65:F65) -> 23 | J65: 31 | K65: =SUM(G65:J65) -> 54 | L65: =IF(K65>=80,"A",IF(K65>=70,"B+",IF(K65>=60,"B",IF(K65>=55,"C+",IF(K65>=50,"C",IF(K65>=45,"D+",IF(K65>=40,"D","F"))))))) -> C | M65: =IF(K65>=50,"Passed","Failed") -> Passed
A69: Catholic University of Cameroon, CATUC, Bamenda
A70: Faculty of business & Management Sciences-HND
A71: First Semester Exam 2023-2024
A72: Department: | B72: Common course
A73: Course Code | B73: ENG 2101H
A74: Course Title | B74: Functional English III
A75: Credit Value | B75: 2
A76: Lecturer | B76: Dr. Ngie Florence
A77: Level: 2 | B77: HND/FBMS 2
A78: S/N | L78: Grades | M78: Remarks | N78: STATISTICS
A79: Common Course | B79: MAT. NO | C79: NAME | D79: Exam Codes | E79: Att/10 | F79: CA/30 | G79: Tot/40 | H79: sign in | I79: sign out | J79: Exam/60 | K79: Total/100 | N79: No. Registered | O79: =COUNT(G81:G134) -> 50
N80: No. Examined | O80: =COUNT(J81:J134) -> 48
A81: =ROW(A1) -> 1 | B81: 338222H | C81: Abdou Ziena Madinatou | D81: ENG 2101H/13 | E81: 10 | F81: 21 | G81: =SUM(E81:F81) -> 31 | J81: 26 | K81: =SUM(G81:J81) -> 57 | L81: =IF(K81>=80,"A",IF(K81>=70,"B+",IF(K81>=60,"B",IF(K81>=55,"C+",IF(K81>=50,"C",IF(K81>=45,"D+",IF(K81>=40,"D","F"))))))) -> C+ | M81: =IF(K81>=50,"Passed","Failed") -> Passed | N81: No . ABS | O81: =O79-O80 -> 2
A82: =ROW(A2) -> 2 | B82: 330322H | C82: Acha Victory Nweyeh-kah | D82: ENG 2101H/43 | E82: 10 | F82: 23 | G82: =SUM(E82:F82) -> 33 | J82: 30 | K82: =SUM(G82:J82) -> 63 | L82: =IF(K82>=80,"A",IF(K82>=70,"B+",IF(K82>=60,"B",IF(K82>=55,"C+",IF(K82>=50,"C",IF(K82>=45,"D+",IF(K82>=40,"D","F"))))))) -> B | M82: =IF(K82>=50,"Passed","Failed") -> Passed | N82: No. Passed | O82: =COUNTIF(M81:M134,"Passed") -> 46
A83: =ROW(A3) -> 3 | B83: 340822H | C83: Akang Courage Bi | D83: ENG 2101H/7 | E83: 10 | F83: 19 | G83: =SUM(E83:F83) -> 29 | J83: 53 | K83: =SUM(G83:J83) -> 82 | L83: =IF(K83>=80,"A",IF(K83>=70,"B+",IF(K83>=60,"B",IF(K83>=55,"C+",IF(K83>=50,"C",IF(K83>=45,"D+",IF(K83>=40,"D","F"))))))) -> A | M83: =IF(K83>=50,"Passed","Failed") -> Passed | N83: % Pass | O83: =O82/O80% -> 95.833333
A84: =ROW(A4) -> 4 | B84: 340922H | C84: Awah Priddy Mboh-Ngeh | D84: ENG 2101H/18 | E84: 7.5 | F84: 24 | G84: =SUM(E84:F84) -> 31.5 | J84: 36 | K84: =SUM(G84:J84) -> 67.5 | L84: =IF(K84>=80,"A",IF(K84>=70,"B+",IF(K84>=60,"B",IF(K84>=55,"C+",IF(K84>=50,"C",IF(K84>=45,"D+",IF(K84>=40,"D","F"))))))) -> B | M84: =IF(K84>=50,"Passed","Failed") -> Passed | N84: No. Failed | O84: =COUNTIF(M81:M134,"failed") -> 2
A85: =ROW(A5) -> 5 | B85: 330522H | C85: Bin Abigael Nwa | D85: ENG 2101H/26 | E85: 10 | F85: 24 | G85: =SUM(E85:F85) -> 34 | J85: 30 | K85: =SUM(G85:J85) -> 64 | L85: =IF(K85>=80,"A",IF(K85>=70,"B+",IF(K85>=60,"B",IF(K85>=55,"C+",IF(K85>=50,"C",IF(K85>=45,"D+",IF(K85>=40,"D","F"))))))) -> B | M85: =IF(K85>=50,"Passed","Failed") -> Passed | N85: % Failed | O85: =O84/O80% -> 4.1666667
A86: =ROW(A6) -> 6 | B86: 337322H | C86: Famah Shamah Nfor | D86: ENG 2101H/14 | E86: 10 | F86: 22 | G86: =SUM(E86:F86) -> 32 | J86: 51 | K86: =SUM(G86:J86) -> 83 | L86: =IF(K86>=80,"A",IF(K86>=70,"B+",IF(K86>=60,"B",IF(K86>=55,"C+",IF(K86>=50,"C",IF(K86>=45,"D+",IF(K86>=40,"D","F"))))))) -> A | M86: =IF(K86>=50,"Passed","Failed") -> Passed | N86: Course Average | O86: =AVERAGE(K81:K134) -> 68.041667
A87: =ROW(A7) -> 7 | B87: 360022H | C87: Favour Bongnavti Aloni | D87: ENG 2101H/
A88: =ROW(A8) -> 8 | B88: 345122H | C88: Fri Jenifer Chick | D88: ENG 2101H/34 | E88: 10 | F88: 23 | G88: =SUM(E88:F88) -> 33 | J88: 23 | K88: =SUM(G88:J88) -> 56 | L88: =IF(K88>=80,"A",IF(K88>=70,"B+",IF(K88>=60,"B",IF(K88>=55,"C+",IF(K88>=50,"C",IF(K88>=45,"D+",IF(K88>=40,"D","F"))))))) -> C+ | M88: =IF(K88>=50,"Passed","Failed") -> Passed
A89: =ROW(A9) -> 9 | B89: 329522H | C89: Hawa Amira Ibrahim | D89: ENG 2101H/40 | E89: 9 | F89: 21 | G89: =SUM(E89:F89) -> 30 | J89: 50 | K89: =SUM(G89:J89) -> 80 | L89: =IF(K89>=80,"A",IF(K89>=70,"B+",IF(K89>=60,"B",IF(K89>=55,"C+",IF(K89>=50,"C",IF(K89>=45,"D+",IF(K89>=40,"D","F"))))))) -> A | M89: =IF(K89>=50,"Passed","Failed") -> Passed
A90: =ROW(A10) -> 10 | B90: 352522H | C90: Mbuya Excel Ngeh | D90: ENG 2101H/2 | E90: 8 | F90: 17 | G90: =SUM(E90:F90) -> 25 | J90: 26 | K90: =SUM(G90:J90) -> 51 | L90: =IF(K90>=80,"A",IF(K90>=70,"B+",IF(K90>=60,"B",IF(K90>=55,"C+",IF(K90>=50,"C",IF(K90>=45,"D+",IF(K90>=40,"D","F"))))))) -> C | M90: =IF(K90>=50,"Passed","Failed") -> Passed | O90: A | P90: B+ | Q90: B | R90: C+ | S90: C | T90: D+ | U90: D | V90: F
A91: =ROW(A11) -> 11 | B91: 320021H | C91: Muna Beltus | D91: ENG 2101H/ | O91: =COUNTIF(L81:L134,"A") -> 7 | P91: =COUNTIF(L81:L134,"B+") -> 13 | Q91: =COUNTIF(L81:L134,"B") -> 19 | R91: =COUNTIF(L81:L134,"C+") -> 5 | S91: =COUNTIF(L81:L134,"C") -> 2 | T91: =COUNTIF(L81:L134,"D+") -> 1 | U91: =COUNTIF(L81:L134,"D") -> 1 | V91: =COUNTIF(L81:L134,"F") -> 0
A92: =ROW(A12) -> 12 | B92: 330422H | C92: Nde Cindy-Bright Luh | D92: ENG 2101H/9 | E92: 8 | F92: 21 | G92: =SUM(E92:F92) -> 29 | J92: 35 | K92: =SUM(G92:J92) -> 64 | L92: =IF(K92>=80,"A",IF(K92>=70,"B+",IF(K92>=60,"B",IF(K92>=55,"C+",IF(K92>=50,"C",IF(K92>=45,"D+",IF(K92>=40,"D","F"))))))) -> B | M92: =IF(K92>=50,"Passed","Failed") -> Passed
A93: =ROW(A13) -> 13 | B93: 337922H | C93: Ndukong Seraphine Mangwang | D93: ENG 2101H/5 | E93: 9 | F93: 21 | G93: =SUM(E93:F93) -> 30 | J93: 45 | K93: =SUM(G93:J93) -> 75 | L93: =IF(K93>=80,"A",IF(K93>=70,"B+",IF(K93>=60,"B",IF(K93>=55,"C+",IF(K93>=50,"C",IF(K93>=45,"D+",IF(K93>=40,"D","F"))))))) -> B+ | M93: =IF(K93>=50,"Passed","Failed") -> Passed
A94: =ROW(A14) -> 14 | B94: 341722H | C94: Nformi Christabella | D94: ENG 2101H/30 | E94: 10 | F94: 9 | G94: =SUM(E94:F94) -> 19 | J94: 28 | K94: =SUM(G94:J94) -> 47 | L94: =IF(K94>=80,"A",IF(K94>=70,"B+",IF(K94>=60,"B",IF(K94>=55,"C+",IF(K94>=50,"C",IF(K94>=45,"D+",IF(K94>=40,"D","F"))))))) -> D+ | M94: =IF(K94>=50,"Passed","Failed") -> Failed
A95: =ROW(A15) -> 15 | B95: 347622H | C95: Ngam Hedwig Afumbom | D95: ENG 2101H/41 | E95: 9 | F95: 24 | G95: =SUM(E95:F95) -> 33 | J95: 43 | K95: =SUM(G95:J95) -> 76 | L95: =IF(K95>=80,"A",IF(K95>=70,"B+",IF(K95>=60,"B",IF(K95>=55,"C+",IF(K95>=50,"C",IF(K95>=45,"D+",IF(K95>=40,"D","F"))))))) -> B+ | M95: =IF(K95>=50,"Passed","Failed") -> Passed
A96: =ROW(A16) -> 16 | B96: 329422H | C96: Ngwa Joseph Neba | D96: ENG 2101H/16 | E96: 10 | F96: 22 | G96: =SUM(E96:F96) -> 32 | J96: 32 | K96: =SUM(G96:J96) -> 64 | L96: =IF(K96>=80,"A",IF(K96>=70,"B+",IF(K96>=60,"B",IF(K96>=55,"C+",IF(K96>=50,"C",IF(K96>=45,"D+",IF(K96>=40,"D","F"))))))) -> B | M96: =IF(K96>=50,"Passed","Failed") -> Passed
A97: =ROW(A17) -> 17 | B97: 350122H | C97: Nyuydzewira Lorantine Shuka | D97: ENG 2101H/8 | E97: 10 | F97: 24 | G97: =SUM(E97:F97) -> 34 | J97: 38 | K97: =SUM(G97:J97) -> 72 | L97: =IF(K97>=80,"A",IF(K97>=70,"B+",IF(K97>=60,"B",IF(K97>=55,"C+",IF(K97>=50,"C",IF(K97>=45,"D+",IF(K97>=40,"D","F"))))))) -> B+ | M97: =IF(K97>=50,"Passed","Failed") -> Passed
A98: =ROW(A18) -> 18 | B98: 367522H | C98: Samnissi Rawllings Galabe | D98: ENG 2101H/46 | E98: 7.5 | F98: 24 | G98: =SUM(E98:F98) -> 31.5 | J98: 29 | K98: =SUM(G98:J98) -> 60.5 | L98: =IF(K98>=80,"A",IF(K98>=70,"B+",IF(K98>=60,"B",IF(K98>=55,"C+",IF(K98>=50,"C",IF(K98>=45,"D+",IF(K98>=40,"D","F"))))))) -> B | M98: =IF(K98>=50,"Passed","Failed") -> Passed
A99: =ROW(A19) -> 19 | B99: 335622H | C99: Stercy Megan Agbor | D99: ENG 2101H/47 | E99: 7.5 | F99: 22 | G99: =SUM(E99:F99) -> 29.5 | J99: 34 | K99: =SUM(G99:J99) -> 63.5 | L99: =IF(K99>=80,"A",IF(K99>=70,"B+",IF(K99>=60,"B",IF(K99>=55,"C+",IF(K99>=50,"C",IF(K99>=45,"D+",IF(K99>=40,"D","F"))))))) -> B | M99: =IF(K99>=50,"Passed","Failed") -> Passed
A100: =ROW(A20) -> 20 | B100: 347022H | C100: Suzyl Wiyrdzernyuy | D100: ENG 2101H/4 | E100: 10 | F100: 20 | G100: =SUM(E100:F100) -> 30 | J100: 33 | K100: =SUM(G100:J100) -> 63 | L100: =IF(K100>=80,"A",IF(K100>=70,"B+",IF(K100>=60,"B",IF(K100>=55,"C+",IF(K100>=50,"C",IF(K100>=45,"D+",IF(K100>=40,"D","F"))))))) -> B | M100: =IF(K100>=50,"Passed","Failed") -> Passed
A101: =ROW(A21) -> 21 | B101: 337222H | C101: Tah Marceline Kemaka | D101: ENG 2101H/1 | E101: 10 | F101: 21 | G101: =SUM(E101:F101) -> 31 | J101: 35 | K101: =SUM(G101:J101) -> 66 | L101: =IF(K101>=80,"A",IF(K101>=70,"B+",IF(K101>=60,"B",IF(K101>=55,"C+",IF(K101>=50,"C",IF(K101>=45,"D+",IF(K101>=40,"D","F"))))))) -> B | M101: =IF(K101>=50,"Passed","Failed") -> Passed
A102: =ROW(A22) -> 22 | B102: 344522H | C102: Yirenwie-Mado Favour Munjere | D102: ENG 2101H/28 | E102: 8 | F102: 23 | G102: =SUM(E102:F102) -> 31 | J102: 43 | K102: =SUM(G102:J102) -> 74 | L102: =IF(K102>=80,"A",IF(K102>=70,"B+",IF(K102>=60,"B",IF(K102>=55,"C+",IF(K102>=50,"C",IF(K102>=45,"D+",IF(K102>=40,"D","F"))))))) -> B+ | M102: =IF(K102>=50,"Passed","Failed") -> Passed
A103: =ROW(A23) -> 23 | B103: 334522H | C103: Ntungwen Brian | D103: ENG 2101H/20 | E103: 10 | F103: 20 | G103: =SUM(E103:F103) -> 30 | J103: 29 | K103: =SUM(G103:J103) -> 59 | L103: =IF(K103>=80,"A",IF(K103>=70,"B+",IF(K103>=60,"B",IF(K103>=55,"C+",IF(K103>=50,"C",IF(K103>=45,"D+",IF(K103>=40,"D","F"))))))) -> C+ | M103: =IF(K103>=50,"Passed","Failed") -> Passed
...

Sheet Sheet1 (2)
C1: CATHOLIC UNIVERSITY OF CAMEROON (CATUC), BAMENDA
A3: SCHOOL/ FACULTY: FACULTY OF SCIENCE | C3: BUSINESS AND MANAGEMENT SCIENCES | L3: COMMON COURSES
L4: SEMESTER: FIRST SEMESTER
A5: HND | L5: SCHOOL YEAR: 2023/2024
C7: FREQUENCY DISTRIBUTION PERFORMANCES OF STUDENTS
A8: SN | B8: COURSE CODE | C8: COURSE TITLE | D8: CV | E8: ST | F8: LECTURERS | G8: % CC | H8: NUMBER | L8: % PASS | M8: % FAIL | N8: NUMBER
H9: CR | I9: CE | J9: PASSED | K9: FAILED | N9: A | O9: B+ | P9: B | Q9: C+ | R9: C | S9: D+ | T9: D | U9: F
A10: 1 | B10: ='[1]level one'!$C$94 -> INS1101H | C10: ='[1]level one'!$C$95 -> Principles of Insurance | D10: ='[1]level one'!$C$96 -> 3 | E10: C | F10: Mme. Lukong Claris | G10: 86 | H10: ='FBMS-HND LEVEL ONE'!$O$163 -> 54 | I10: ='FBMS-HND LEVEL ONE'!$O$164 -> 54 | J10: ='FBMS-HND LEVEL ONE'!$O$166 -> 40 | K10: ='FBMS-HND LEVEL ONE'!$O$168 -> 14 | L10: ='FBMS-HND LEVEL ONE'!$O$167 -> 74.074074 | M10: =K10/I10*100 -> 25.925926 | N10: ='FBMS-HND LEVEL ONE'!O175 -> 1 | O10: ='FBMS-HND LEVEL ONE'!P175 -> 6 | P10: ='FBMS-HND LEVEL ONE'!Q175 -> 14 | Q10: ='FBMS-HND LEVEL ONE'!R175 -> 6 | R10: ='FBMS-HND LEVEL ONE'!S175 -> 13 | S10: ='FBMS-HND LEVEL ONE'!T175 -> 3 | T10: ='FBMS-HND LEVEL ONE'!U175 -> 3 | U10: ='FBMS-HND LEVEL ONE'!V175 -> 8 | V10: =SUM(N10:U10) -> 54
A11: 2 | B11: ='[1]level one'!$C$296 -> ENG1101H | C11: ='[1]level one'!$C$297 -> Functional English I | D11: ='[1]level one'!$C$298 -> 2 | E11: C | F11: ='[1]level one'!$C$299 -> Dr Ngie Florence | G11: 100 | H11: 150 | I11: 145 | J11: 145 | K11: 0 | L11: =J11/I11*100 -> 100 | M11: =K11/I11*100 -> 0 | N11: 3 | O11: 50 | P11: 60 | Q11: 20 | R11: 12 | S11: 0 | T11: 0 | U11: 0 | V11: =SUM(N11:U11) -> 145
A12: 3 | B12: FRE1101H | C12: Functional French I | D12: 2 | E12: C | F12: Dr.Ngoran George | G12: 100 | H12: 148 | I12: 144 | J12: 117 | K12: 27 | L12: =J12/I12*100 -> 81.25 | M12: =K12/I12*100 -> 18.75 | N12: 10 | O12: 33 | P12: 61 | Q12: 7 | R12: 6 | S12: 10 | T12: 9 | U12: 8 | V12: =SUM(N12:U12) -> 144
A13: 4 | B13: ='[1]level two'!$C$36 -> ENG 2101H | C13: ='[1]level two'!$C$37 -> Functional English III | D13: ='[1]level two'!$C$38 -> 2 | E13: C | F13: ='[1]level two'!$C$39 -> Dr. Ngie Florence | G13: 100 | H13: 111 | I13: 108 | J13: 104 | K13: 4 | L13: =J13/I13*100 -> 96.296296 | M13: =K13/I13*100 -> 3.7037037 | N13: 13 | O13: 32 | P13: 42 | Q13: 10 | R13: 7 | S13: 1 | T13: 2 | U13: 1 | V13: =SUM(N13:U13) -> 108
A14: 5 | B14: FRE 2101H | C14: Functional French III | D14: 2 | E14: C | F14: Dr.Ngoran George | G14: 100 | H14: 107 | I14: 103 | J14: 58 | K14: 45 | L14: =J14/I14*100 -> 56.31068 | M14: =K14/I14*100 -> 43.68932 | N14: 1 | O14: 4 | P14: 16 | Q14: 18 | R14: 19 | S14: 17 | T14: 17 | U14: 11 | V14: =SUM(N14:U14) -> 103
A15: 6 | B15: ='[1]level two'!$C$141 -> COM 2101H | C15: ='[1]level two'!$C$142 -> Computer Science | D15: ='[1]level two'!$C$143 -> 2 | E15: C | F15: ='FBMS-HND LEVEL TWO'!$B$291 -> Mr.Nkeng Blaise | G15: 80 | H15: 111 | I15: 108 | J15: 84 | K15: 24 | L15: =J15/I15*100 -> 77.777778 | M15: =K15/I15*100 -> 22.222222 | N15: 4 | O15: 8 | P15: 34 | Q15: 17 | R15: 21 | S15: 13 | T15: 6 | U15: 5 | V15: =SUM(N15:U15) -> 108
A16: 7 | B16: ='[1]level one'!$C$245 -> ECO1101H | C16: ='[1]level one'!$C$246 -> Principles of Micro-economics | D16: ='[1]level one'!$C$247 -> 2 | E16: C | F16: Mr Kedju Robert Nembo | G16: 90 | H16: ='FBMS-HND LEVEL ONE'!$O$375 -> 54 | I16: ='FBMS-HND LEVEL ONE'!$O$376 -> 54 | J16: ='FBMS-HND LEVEL ONE'!$O$378 -> 44 | K16: ='FBMS-HND LEVEL ONE'!$O$380 -> 10 | L16: =J16/I16*100 -> 81.481481 | M16: =K16/I16*100 -> 18.518519 | N16: ='FBMS-HND LEVEL ONE'!O386 -> 8 | O16: ='FBMS-HND LEVEL ONE'!P386 -> 7 | P16: ='FBMS-HND LEVEL ONE'!Q386 -> 13 | Q16: ='FBMS-HND LEVEL ONE'!R386 -> 7 | R16: ='FBMS-HND LEVEL ONE'!S386 -> 9 | S16: ='FBMS-HND LEVEL ONE'!T386 -> 3 | T16: ='FBMS-HND LEVEL ONE'!U386 -> 3 | U16: ='FBMS-HND LEVEL ONE'!V386 -> 4 | V16: =SUM(N16:U16) -> 54
A17: 8 | B17: ='[1]level one'!$C$349 -> ECO1102H | C17: ='[1]level one'!$C$350 -> Statuistics and Business Mathematicss | D17: ='[1]level one'!$C$351 -> 2 | E17: C | F17: Mme. Lukong Claris | G17: 92 | H17: ='FBMS-HND LEVEL ONE'!$O$529 -> 56 | I17: ='FBMS-HND LEVEL ONE'!$O$530 -> 55 | J17: ='FBMS-HND LEVEL ONE'!$O$532 -> 43 | K17: ='FBMS-HND LEVEL ONE'!$O$534 -> 12 | L17: =J17/I17*100 -> 78.181818 | M17: =K17/I17*100 -> 21.818182 | N17: ='FBMS-HND LEVEL ONE'!O541 -> 5 | O17: ='FBMS-HND LEVEL ONE'!P541 -> 7 | P17: ='FBMS-HND LEVEL ONE'!Q541 -> 14 | Q17: ='FBMS-HND LEVEL ONE'!R541 -> 6 | R17: ='FBMS-HND LEVEL ONE'!S541 -> 11 | S17: ='FBMS-HND LEVEL ONE'!T541 -> 1 | T17: ='FBMS-HND LEVEL ONE'!U541 -> 4 | U17: ='FBMS-HND LEVEL ONE'!V541 -> 7 | V17: =SUM(N17:U17) -> 55
A18: 9 | B18: MAT1101H | C18: Elementary Mathematics | D18: 2 | E18: C | F18: Mr Muokweh Julius | G18: 100 | H18: ='FBMS-HND LEVEL ONE'!$O$453 -> 54 | I18: ='FBMS-HND LEVEL ONE'!$O$454 -> 54 | J18: ='FBMS-HND LEVEL ONE'!$O$456 -> 53 | K18: ='FBMS-HND LEVEL ONE'!$O$458 -> 1 | L18: =J18/I18*100 -> 98.148148 | M18: =K18/I18*100 -> 1.8518519 | N18: ='FBMS-HND LEVEL ONE'!O465 -> 6 | O18: ='FBMS-HND LEVEL ONE'!P465 -> 7 | P18: ='FBMS-HND LEVEL ONE'!Q465 -> 16 | Q18: ='FBMS-HND LEVEL ONE'!R465 -> 10 | R18: ='FBMS-HND LEVEL ONE'!S465 -> 14 | S18: ='FBMS-HND LEVEL ONE'!T465 -> 1 | T18: ='FBMS-HND LEVEL ONE'!U465 -> 0 | U18: ='FBMS-HND LEVEL ONE'!V465 -> 0 | V18: =SUM(N18:U18) -> 54
A19: 10 | B19: ='[1]level two'!$C$207 -> ECO 2101H | C19: ='[1]level two'!$C$208 -> Managerial Economics | D19: ='[1]level two'!$C$209 -> 2 | E19: C | F19: Mr Kedju Robert Nembo | G19: 80 | H19: ='FBMS-HND LEVEL TWO'!$O$421 -> 49 | I19: ='FBMS-HND LEVEL TWO'!$O$422 -> 47 | J19: ='FBMS-HND LEVEL TWO'!$O$424 -> 46 | K19: ='FBMS-HND LEVEL TWO'!$O$426 -> 1 | L19: =J19/I19*100 -> 97.87234 | M19: =K19/I19*100 -> 2.1276596 | N19: ='FBMS-HND LEVEL TWO'!O433 -> 15 | O19: ='FBMS-HND LEVEL TWO'!P433 -> 13 | P19: ='FBMS-HND LEVEL TWO'!Q433 -> 9 | Q19: ='FBMS-HND LEVEL TWO'!R433 -> 4 | R19: ='FBMS-HND LEVEL TWO'!S433 -> 5 | S19: ='FBMS-HND LEVEL TWO'!T433 -> 0 | T19: ='FBMS-HND LEVEL TWO'!U433 -> 0 | U19: ='FBMS-HND LEVEL TWO'!V433 -> 1 | V19: =SUM(N19:U19) -> 47
A20: 11 | B20: ='[1]level two'!$C$70 -> ECO 2102H | C20: Statistics and Business Mathematics III | D20: ='[1]level two'!$C$72 -> 2 | E20: C | F20: Mr Ghondo charles | G20: 100 | H20: ='FBMS-HND LEVEL TWO'!$O$148 -> 51 | I20: ='FBMS-HND LEVEL TWO'!$O$149 -> 49 | J20: ='FBMS-HND LEVEL TWO'!$O$151 -> 49 | K20: ='FBMS-HND LEVEL TWO'!$O$153 -> 0 | L20: =J20/I20*100 -> 100 | M20: =K20/I20*100 -> 0 | N20: ='FBMS-HND LEVEL TWO'!O158 -> 2 | O20: ='FBMS-HND LEVEL TWO'!P158 -> 13 | P20: ='FBMS-HND LEVEL TWO'!Q158 -> 25 | Q20: ='FBMS-HND LEVEL TWO'!R158 -> 8 | R20: ='FBMS-HND LEVEL TWO'!S158 -> 1 | S20: ='FBMS-HND LEVEL TWO'!T158 -> 0 | T20: ='FBMS-HND LEVEL TWO'!U158 -> 0 | U20: ='FBMS-HND LEVEL TWO'!V158 -> 0 | V20: =SUM(N20:U20) -> 49
A21: 12 | B21: MGT 2207H | C21: Enterprise Creation and Entrepreneurship | D21: 3 | E21: C | F21: Mr Ghondo charles | G21: 90 | H21: 90 | I21: 90 | J21: 85 | K21: 5 | L21: =J21/I21*100 -> 94.444444 | M21: =K21/I21*100 -> 5.5555556 | N21: 27 | O21: 33 | P21: 15 | Q21: 8 | R21: 2 | S21: 1 | T21: 2 | U21: 2 | V21: =SUM(N21:U21) -> 90
C22: TOTAL/ AVERAGE | H22: =SUM(H10:H21) -> 1035 | I22: =SUM(I10:I21) -> 1011 | J22: =SUM(J10:J21) -> 868 | K22: =SUM(K10:K21) -> 143 | L22: =J22/I22*100 -> 85.855589 | M22: =K22/I22*100 -> 14.144411 | N22: =SUM(N10:N21) -> 95 | O22: =SUM(O10:O21) -> 213 | P22: =SUM(P10:P21) -> 319 | Q22: =SUM(Q10:Q21) -> 121 | R22: =SUM(R10:R21) -> 120 | S22: =SUM(S10:S21) -> 50 | T22: =SUM(T10:T21) -> 46 | U22: =SUM(U10:U21) -> 47 | V22: =SUM(N22:U22) -> 1011
B23: CV = Credit Value; ST = Status (C = Compulsory; E = Elective); CR = Candidates Registered; CE = Candidates Examined; % CC = Course Coverage; The % Pass is based on CE (Candidates who completed the course by writing the final examination.
B25: Number of Marked Scripts: | D25: =$I$22 -> 1011 | I25: Number of Failed Scripts | N25: =$K$22 -> 143
B27: Number of Passed Scripts | D27: =$J$22 -> 868
I28: Success Rate | M28: =$L$22 -> 85.855589
A29: Lecturers:
C31: =$F$10 -> Mme. Lukong Claris | K31: =$F$11 -> Dr Ngie Florence | P31: =$F$15 -> Mr.Nkeng Blaise
C35: Sr. Elizabeth Ankiambom | E35: Dr. | F35: Achiri Mongo Eric
C36: HND Cordinator | F36: Dean-FBMS-HND
C49: CATHOLIC UNIVERSITY OF CAMEROON (CATUC), BAMENDA
A51: SCHOOL/ FACULTY: FACULTY OF SCIENCE | C51: BUSINESS AND MANAGEMENT SCIENCES | L51: DEPARTMENT: ACCOUNTING
L52: SEMESTER: FIRST SEMESTER
A53: HND | L53: SCHOOL YEAR: 2023/2024
C55: FREQUENCY DISTRIBUTION PERFORMANCES OF STUDENTS
A56: SN | B56: COURSE CODE | C56: COURSE TITLE | D56: CV | E56: ST | F56: LECTURERS | G56: % CC | H56: NUMBER | L56: % PASS | M56: % FAIL | N56: NUMBER
H57: CR | I57: CE | J57: PASSED | K57: FAILED | N57: A | O57: B+ | P57: B | Q57: C+ | R57: C | S57: D+ | T57: D | U57: F
A58: 1 | B58: ='[1]level one'!$C$402 -> ACC1102H | C58: ='[1]level one'!$C$403 -> OHADA Financial Accounting I | D58: 3 | E58: C | F58: Mr.Ngondo Charles | G58: 80 | H58: ='FBMS-HND LEVEL ONE'!$O$599 -> 54 | I58: ='FBMS-HND LEVEL ONE'!$O$600 -> 54 | J58: ='FBMS-HND LEVEL ONE'!$O$602 -> 50 | K58: ='FBMS-HND LEVEL ONE'!$O$604 -> 4 | L58: =J58/I58*100 -> 92.592593 | M58: =K58/I58*100 -> 7.4074074 | N58: ='FBMS-HND LEVEL ONE'!O612 -> 3 | O58: ='FBMS-HND LEVEL ONE'!P612 -> 12 | P58: ='FBMS-HND LEVEL ONE'!Q612 -> 23 | Q58: ='FBMS-HND LEVEL ONE'!R612 -> 5 | R58: ='FBMS-HND LEVEL ONE'!S612 -> 7 | S58: ='FBMS-HND LEVEL ONE'!T612 -> 1 | T58: ='FBMS-HND LEVEL ONE'!U612 -> 2 | U58: ='FBMS-HND LEVEL ONE'!V612 -> 1 | V58: =SUM(N58:U58) -> 54
A59: 2 | B59: ACC1105H | C59: ='[1]level one'!$C$458 -> Principles of Taxation | D59: ='[1]level one'!$C$459 -> 3 | E59: C | F59: ='[1]level one'!$C$460 -> Mr Youopouo Maurice | G59: 86 | H59: ='FBMS-HND LEVEL ONE'!$O$670 -> 54 | I59: ='FBMS-HND LEVEL ONE'!$O$671 -> 54 | J59: ='FBMS-HND LEVEL ONE'!$O$673 -> 39 | K59: ='FBMS-HND LEVEL ONE'!$O$675 -> 15 | L59: =J59/I59*100 -> 72.222222 | M59: =K59/I59*100 -> 27.777778 | N59: ='FBMS-HND LEVEL ONE'!O682 -> 3 | O59: ='FBMS-HND LEVEL ONE'!P682 -> 9 | P59: ='FBMS-HND LEVEL ONE'!Q682 -> 12 | Q59: ='FBMS-HND LEVEL ONE'!R682 -> 8 | R59: ='FBMS-HND LEVEL ONE'!S682 -> 7 | S59: ='FBMS-HND LEVEL ONE'!T682 -> 0 | T59: ='FBMS-HND LEVEL ONE'!U682 -> 1 | U59: ='FBMS-HND LEVEL ONE'!V682 -> 14 | V59: =SUM(N59:U59) -> 54
A60: 3 | B60: ='[1]level one'!$C$563 -> ACC1101H | C60: ='[1]level one'!$C$564 -> Principles of Accounting | D60: ='[1]level one'!$C$565 -> 3 | E60: C | F60: Mr Nzebir Chrysantus | G60: 80 | H60: ='FBMS-HND LEVEL ONE'!$O$813 -> 56 | I60: ='FBMS-HND LEVEL ONE'!$O$814 -> 55 | J60: ='FBMS-HND LEVEL ONE'!$O$816 -> 41 | K60: ='FBMS-HND LEVEL ONE'!$O$818 -> 14 | L60: =J60/I60*100 -> 74.545455 | M60: =K60/I60*100 -> 25.454545 | N60: ='FBMS-HND LEVEL ONE'!O826 -> 9 | O60: ='FBMS-HND LEVEL ONE'!P826 -> 14 | P60: ='FBMS-HND LEVEL ONE'!Q826 -> 7 | Q60: ='FBMS-HND LEVEL ONE'!R826 -> 4 | R60: ='FBMS-HND LEVEL ONE'!S826 -> 7 | S60: ='FBMS-HND LEVEL ONE'!T826 -> 2 | T60: ='FBMS-HND LEVEL ONE'!U826 -> 3 | U60: ='FBMS-HND LEVEL ONE'!V826 -> 9 | V60: =SUM(N60:U60) -> 55
A61: 4 | B61: ='[1]level two'!$C$104 -> ACC 2103H | C61: ='[1]level two'!$C$105 -> Cost & Management Accounting II | D61: ='[1]level two'!$C$106 -> 3 | E61: C | F61: Mr.Shiyghan Chrysanctus | G61: 86 | H61: ='FBMS-HND LEVEL TWO'!$O$221 -> 50 | I61: ='FBMS-HND LEVEL TWO'!$O$222 -> 49 | J61: ='FBMS-HND LEVEL TWO'!$O$224 -> 39 | K61: ='FBMS-HND LEVEL TWO'!$O$226 -> 10 | L61: =J61/I61*100 -> 79.591837 | M61: =K61/I61*100 -> 20.408163 | N61: ='FBMS-HND LEVEL TWO'!O233 -> 9 | O61: ='FBMS-HND LEVEL TWO'!P233 -> 4 | P61: ='FBMS-HND LEVEL TWO'!Q233 -> 19 | Q61: ='FBMS-HND LEVEL TWO'!R233 -> 2 | R61: ='FBMS-HND LEVEL TWO'!S233 -> 5 | S61: ='FBMS-HND LEVEL TWO'!T233 -> 2 | T61: ='FBMS-HND LEVEL TWO'!U233 -> 4 | U61: ='FBMS-HND LEVEL TWO'!V233 -> 4 | V61: =SUM(N61:U61) -> 49
A62: 5 | B62: ='[1]level two'!$C$174 -> ACC 2105H | C62: ='[1]level two'!$C$175 -> Taxation I & II | D62: ='[1]level two'!$C$176 -> 3 | E62: C | F62: ='[1]level two'!$C$177 -> Mr. Youopouo Maurice | G62: 100 | H62: ='FBMS-HND LEVEL TWO'!$O$370 -> 29 | I62: ='FBMS-HND LEVEL TWO'!$O$371 -> 29 | J62: ='FBMS-HND LEVEL TWO'!$O$373 -> 25 | K62: ='FBMS-HND LEVEL TWO'!$O$375 -> 4 | L62: =J62/I62*100 -> 86.206897 | M62: =K62/I62*100 -> 13.793103 | N62: ='FBMS-HND LEVEL TWO'!O382 -> 5 | O62: ='FBMS-HND LEVEL TWO'!P382 -> 2 | P62: ='FBMS-HND LEVEL TWO'!Q382 -> 8 | Q62: ='FBMS-HND LEVEL TWO'!R382 -> 4 | R62: ='FBMS-HND LEVEL TWO'!S382 -> 6 | S62: ='FBMS-HND LEVEL TWO'!T382 -> 0 | T62: ='FBMS-HND LEVEL TWO'!U382 -> 2 | U62: ='FBMS-HND LEVEL TWO'!V382 -> 2 | V62: =SUM(N62:U62) -> 29
A63: 6 | B63: ='[1]level two'!$C$332 -> ACC 2102H | C63: ='[1]level two'!$C$333 -> OHADA Financial Accounting III | D63: ='[1]level two'!$C$334 -> 3 | E63: C | F63: ='[1]level two'!$C$335 -> Mr. Youopouo Maurice | G63: 95 | H63: ='FBMS-HND LEVEL TWO'!$O$699 -> 29 | I63: ='FBMS-HND LEVEL TWO'!$O$700 -> 28 | J63: ='FBMS-HND LEVEL TWO'!$O$702 -> 22 | K63: ='FBMS-HND LEVEL TWO'!$O$704 -> 6 | L63: =J63/I63*100 -> 78.571429 | M63: =K63/I63*100 -> 21.428571 | N63: ='FBMS-HND LEVEL TWO'!O711 -> 3 | O63: ='FBMS-HND LEVEL TWO'!P711 -> 3 | P63: ='FBMS-HND LEVEL TWO'!Q711 -> 7 | Q63: ='FBMS-HND LEVEL TWO'!R711 -> 1 | R63: ='FBMS-HND LEVEL TWO'!S711 -> 8 | S63: ='FBMS-HND LEVEL TWO'!T711 -> 0 | T63: ='FBMS-HND LEVEL TWO'!U711 -> 3 | U63: ='FBMS-HND LEVEL TWO'!V711 -> 3 | V63: =SUM(N63:U63) -> 28
A64: 7 | B64: ='[1]level two'!$C$364 -> ACC 2104H | C64: ='[1]level two'!$C$365 -> Company Accounting | D64: 3 | E64: C | F64: ='[1]level two'!$C$367 -> Mr. Mforsah Roger | G64: 80 | H64: ='FBMS-HND LEVEL TWO'!$O$753 -> 23 | I64: ='FBMS-HND LEVEL TWO'!$O$754 -> 20 | J64: ='FBMS-HND LEVEL TWO'!$O$756 -> 17 | K64: ='FBMS-HND LEVEL TWO'!$O$758 -> 3 | L64: =J64/I64*100 -> 85 | M64: =K64/I64*100 -> 15 | N64: ='FBMS-HND LEVEL TWO'!O765 -> 3 | O64: ='FBMS-HND LEVEL TWO'!P765 -> 2 | P64: ='FBMS-HND LEVEL TWO'!Q765 -> 4 | Q64: ='FBMS-HND LEVEL TWO'!R765 -> 3 | R64: ='FBMS-HND LEVEL TWO'!S765 -> 5 | S64: ='FBMS-HND LEVEL TWO'!T765 -> 0 | T64: ='FBMS-HND LEVEL TWO'!U765 -> 1 | U64: ='FBMS-HND LEVEL TWO'!V765 -> 2 | V64: =SUM(N64:U64) -> 20
A65: 8 | B65: ='[1]level two'!$C$395 -> ACC 2101H | C65: ='[1]level two'!$C$396 -> Computer Asisted Accounting II | D65: ='[1]level two'!$C$397 -> 3 | E65: C | F65: Mr.Ngondo Charles | G65: 86 | H65: ='FBMS-HND LEVEL TWO'!$O$797 -> 21 | I65: ='FBMS-HND LEVEL TWO'!$O$798 -> 21 | J65: ='FBMS-HND LEVEL TWO'!$O$800 -> 19 | K65: ='FBMS-HND LEVEL TWO'!$O$802 -> 2 | L65: =J65/I65*100 -> 90.47619 | M65: =K65/I65*100 -> 9.5238095 | N65: ='FBMS-HND LEVEL TWO'!O809 -> 8 | O65: ='FBMS-HND LEVEL TWO'!P809 -> 4 | P65: ='FBMS-HND LEVEL TWO'!Q809 -> 6 | Q65: ='FBMS-HND LEVEL TWO'!R809 -> 0 | R65: ='FBMS-HND LEVEL TWO'!S809 -> 1 | S65: ='FBMS-HND LEVEL TWO'!T809 -> 1 | T65: ='FBMS-HND LEVEL TWO'!U809 -> 0 | U65: ='FBMS-HND LEVEL TWO'!V809 -> 1 | V65: =SUM(N65:U65) -> 21
C66: TOTAL/ AVERAGE | H66: =SUM(H58:H65) -> 316 | I66: =SUM(I58:I65) -> 310 | J66: =SUM(J58:J65) -> 252 | K66: =SUM(K58:K65) -> 58 | L66: =J66/I66*100 -> 81.290323 | M66: =K66/I66*100 -> 18.709677 | N66: =SUM(N58:N65) -> 43 | O66: =SUM(O58:O65) -> 50 | P66: =SUM(P58:P65) -> 86 | Q66: =SUM(Q58:Q65) -> 27 | R66: =SUM(R58:R65) -> 46 | S66: =SUM(S58:S65) -> 6 | T66: =SUM(T58:T65) -> 16 | U66: =SUM(U58:U65) -> 36 | V66: =SUM(N66:U66) -> 310
B67: CV = Credit Value; ST = Status (C = Compulsory; E = Elective); CR = Candidates Registered; CE = Candidates Examined; % CC = Course Coverage; The % Pass is based on CE (Candidates who completed the course by writing the final examination.
B69: Number of Marked Scripts: | D69: =$I$66 -> 310 | I69: Number of Failed Scripts | N69: =$K$66 -> 58
B70: Number of Passed Scripts | D70: =$J$66 -> 252
A71: Lecturers: | I71: Success Rate: | M71: =$L$66 -> 81.290323
C73: =$F$58 -> Mr.Ngondo Charles | F73: =$F$60 -> Mr Nzebir Chrysantus | K73: =$F$61 -> Mr.Shiyghan Chrysanctus
C77: Sr. Elizabeth Ankiambom | E77: Dr. | F77: Achiri Mongo Eric
C78: HND Cordinator | F78: Dean-FBMS-HND
C83: CATHOLIC UNIVERSITY OF CAMEROON (CATUC), BAMENDA
A84: SCHOOL/ FACULTY FACULTY OF SCIENCE | L84: DEPARTMENT: MANAGEMENT
L85: SEMESTER: FIRST SEMESTER
A86: HND | L86: SCHOOL YEAR: 2023/2024
C87: FREQUENCY DISTRIBUTION PERFORMANCES OF STUDENTS
A88: SN | B88: COURSE CODE | C88: COURSE TITLE | D88: CV | E88: ST | F88: LECTURERS | G88: % CC | H88: NUMBER | L88: % PASS | M88: % FAIL | N88: NUMBER
H89: CR | I89: CE | J89: PASSED | K89: FAILED | N89: A | O89: B+ | P89: B | Q89: C+ | R89: C | S89: D+ | T89: D | U89: F
A90: 1 | B90: ='[1]level one'!$C$141 -> MGT1101H | C90: ='[1]level one'!$C$142 -> Principles of Management | D90: ='[1]level one'!$C$143 -> 3 | E90: C | F90: Mr. Neba Befrieden | G90: 80 | H90: ='FBMS-HND LEVEL ONE'!$O$233 -> 53 | I90: ='FBMS-HND LEVEL ONE'!$O$234 -> 51 | J90: ='FBMS-HND LEVEL ONE'!$O$236 -> 46 | K90: ='FBMS-HND LEVEL ONE'!$O$238 -> 5 | L90: =J90/I90*100 -> 90.196078 | M90: =K90/I90*100 -> 9.8039216 | N90: ='FBMS-HND LEVEL ONE'!O244 -> 1 | O90: ='FBMS-HND LEVEL ONE'!P244 -> 7 | P90: ='FBMS-HND LEVEL ONE'!Q244 -> 19 | Q90: ='FBMS-HND LEVEL ONE'!R244 -> 7 | R90: ='FBMS-HND LEVEL ONE'!S244 -> 12 | S90: ='FBMS-HND LEVEL ONE'!T244 -> 2 | T90: ='FBMS-HND LEVEL ONE'!U244 -> 1 | U90: ='FBMS-HND LEVEL ONE'!V244 -> 2 | V90: =SUM(N90:U90) -> 51
A91: 2 | B91: ='[1]level two'!$C$239 -> LAW 2101H | C91: ='[1]level two'!$C$240 -> Business / Company Law | D91: ='[1]level two'!$C$241 -> 3 | E91: C | F91: ='[1]level two'!$C$242 -> Mr. Ajong Jude | G91: 100 | H91: ='FBMS-HND LEVEL TWO'!$O$496 -> 49 | I91: ='FBMS-HND LEVEL TWO'!$O$497 -> 48 | J91: ='FBMS-HND LEVEL TWO'!$O$499 -> 38 | K91: ='FBMS-HND LEVEL TWO'!$O$501 -> 10 | L91: =J91/I91*100 -> 79.166667 | M91: =K91/I91*100 -> 20.833333 | N91: ='FBMS-HND LEVEL TWO'!O508 -> 11 | O91: ='FBMS-HND LEVEL TWO'!P508 -> 9 | P91: ='FBMS-HND LEVEL TWO'!Q508 -> 10 | Q91: ='FBMS-HND LEVEL TWO'!R508 -> 5 | R91: ='FBMS-HND LEVEL TWO'!S508 -> 3 | S91: ='FBMS-HND LEVEL TWO'!T508 -> 4 | T91: ='FBMS-HND LEVEL TWO'!U508 -> 5 | U91: ='FBMS-HND LEVEL TWO'!V508 -> 1 | V91: =SUM(N91:U91) -> 48
A92: 3 | B92: ='[1]level two'!$C$514 -> MGT2104H | C92: ='[1]level two'!$C$515 -> Social Environment I & II | D92: ='[1]level two'!$C$516 -> 3 | E92: C | F92: ='[1]level two'!$C$517 -> Mr Mohammadou | G92: 90 | H92: ='FBMS-HND LEVEL TWO'!$O$1200 -> 10 | I92: ='FBMS-HND LEVEL TWO'!$O$1201 -> 9 | J92: ='FBMS-HND LEVEL TWO'!$O$1203 -> 9 | K92: ='FBMS-HND LEVEL TWO'!$O$1205 -> 0 | L92: =J92/I92*100 -> 100 | M92: =K92/I92*100 -> 0 | N92: ='FBMS-HND LEVEL TWO'!O1211 -> 6 | O92: ='FBMS-HND LEVEL TWO'!P1211 -> 3 | P92: ='FBMS-HND LEVEL TWO'!Q1211 -> 0 | Q92: ='FBMS-HND LEVEL TWO'!R1211 -> 0 | R92: ='FBMS-HND LEVEL TWO'!S1211 -> 0 | S92: ='FBMS-HND LEVEL TWO'!T1211 -> 0 | T92: ='FBMS-HND LEVEL TWO'!U1211 -> 0 | U92: ='FBMS-HND LEVEL TWO'!V1211 -> 0 | V92: =SUM(N92:U92) -> 9
A93: 4 | B93: ='[1]level two'!$C$551 -> MGT 2102H | C93: ='[1]level two'!$C$552 -> Organization and Management I | D93: ='[1]level two'!$C$553 -> 3 | E93: C | F93: ='[1]level two'!$C$517 -> Mr Mohammadou | G93: 90 | H93: ='FBMS-HND LEVEL TWO'!$O$1166 -> 10 | I93: ='FBMS-HND LEVEL TWO'!$O$1167 -> 9 | J93: ='FBMS-HND LEVEL TWO'!$O$1169 -> 9 | K93: ='FBMS-HND LEVEL TWO'!$O$1171 -> 0 | L93: =J93/I93*100 -> 100 | M93: =K93/I93*100 -> 0 | N93: ='FBMS-HND LEVEL TWO'!O1177 -> 5 | O93: ='FBMS-HND LEVEL TWO'!P1177 -> 3 | P93: ='FBMS-HND LEVEL TWO'!Q1177 -> 1 | Q93: ='FBMS-HND LEVEL TWO'!R1177 -> 0 | R93: ='FBMS-HND LEVEL TWO'!S1177 -> 0 | S93: ='FBMS-HND LEVEL TWO'!T1177 -> 0 | T93: ='FBMS-HND LEVEL TWO'!U1177 -> 0 | U93: ='FBMS-HND LEVEL TWO'!V1177 -> 0 | V93: =SUM(N93:U93) -> 9
A94: 5 | B94: ='[1]level two'!$C$582 -> MGT 2103H | C94: ='[1]level two'!$C$583 -> Practice of HRM | D94: ='[1]level two'!$C$584 -> 3 | E94: C | F94: ='[1]level two'!$C$585 -> Mr. Neba Befrieden | G94: 100 | H94: ='FBMS-HND LEVEL TWO'!$O$1232 -> 9 | I94: ='FBMS-HND LEVEL TWO'!$O$930 -> 9 | J94: ='FBMS-HND LEVEL TWO'!$O$932 -> 9 | K94: ='FBMS-HND LEVEL TWO'!$O$934 -> 0 | L94: =J94/I94*100 -> 100 | M94: =K94/I94*100 -> 0 | N94: ='FBMS-HND LEVEL TWO'!O1243 -> 0 | O94: ='FBMS-HND LEVEL TWO'!P1243 -> 3 | P94: ='FBMS-HND LEVEL TWO'!Q1243 -> 3 | Q94: ='FBMS-HND LEVEL TWO'!R1243 -> 1 | R94: ='FBMS-HND LEVEL TWO'!S1243 -> 2 | S94: ='FBMS-HND LEVEL TWO'!T1243 -> 0 | T94: ='FBMS-HND LEVEL TWO'!U1243 -> 0 | U94: ='FBMS-HND LEVEL TWO'!V1243 -> 0 | V94: =SUM(N94:U94) -> 9
A95: 6 | B95: ='[1]level two'!$C$618 -> MGT 2101H | C95: ='[1]level two'!$C$619 -> Human Relations II | D95: ='[1]level two'!$C$620 -> 3 | E95: C | F95: ='[1]level two'!$C$621 -> Mr. Neba Befrieden | G95: 100 | H95: ='FBMS-HND LEVEL TWO'!$O$1268 -> 9 | I95: ='FBMS-HND LEVEL TWO'!$O$1269 -> 9 | J95: ='FBMS-HND LEVEL TWO'!$O$1271 -> 9 | K95: ='FBMS-HND LEVEL TWO'!$O$1273 -> 0 | L95: =J95/I95*100 -> 100 | M95: =K95/I95*100 -> 0 | N95: ='FBMS-HND LEVEL TWO'!O1279 -> 1 | O95: ='FBMS-HND LEVEL TWO'!P1279 -> 2 | P95: ='FBMS-HND LEVEL TWO'!Q1279 -> 5 | Q95: ='FBMS-HND LEVEL TWO'!R1279 -> 0 | R95: ='FBMS-HND LEVEL TWO'!S1279 -> 1 | S95: ='FBMS-HND LEVEL TWO'!T1279 -> 0 | T95: ='FBMS-HND LEVEL TWO'!U1279 -> 0 | U95: ='FBMS-HND LEVEL TWO'!V1279 -> 0 | V95: =SUM(N95:U95) -> 9
C96: TOTAL/ AVERAGE | H96: =SUM(H90:H95) -> 140 | I96: =SUM(I90:I95) -> 135 | J96: =SUM(J90:J95) -> 120 | K96: =SUM(K90:K95) -> 15 | L96: =J96/I96*100 -> 88.888889 | M96: =K96/I96*100 -> 11.111111 | N96: =SUM(N90:N95) -> 24 | O96: =SUM(O90:O95) -> 27 | P96: =SUM(P90:P95) -> 38 | Q96: =SUM(Q90:Q95) -> 13 | R96: =SUM(R90:R95) -> 18 | S96: =SUM(S90:S95) -> 6 | T96: =SUM(T90:T95) -> 6 | U96: =SUM(U90:U95) -> 3 | V96: =SUM(N96:U96) -> 135
B97: CV = Credit Value; ST = Status (C = Compulsory; E = Elective); CR = Candidates Registered; CE = Candidates Examined; % CC = Course Coverage; The % Pass is based on CE (Candidates who completed the course by writing the final examination.
B99: Number of Marked Scripts: | C99: ='FBMS-HND LEVEL TWO'!$O$853 -> 0 | D99: =$I$96 -> 135 | I99: Number of Failed Scripts | N99: =$K$96 -> 15
B100: Number of Passed Scripts | D100: =$J$96 -> 120
I101: Success Rate | M101: =$L$96 -> 88.888889
A102: Lecturers:
C103: =$F$90 -> Mr. Neba Befrieden | F103: =$F$91 -> Mr. Ajong Jude | H103: =$F$94 -> Mr. Neba Befrieden | N103: =$F$92 -> Mr Mohammadou
C107: Sr. Elizabeth Ankiambom | F107: Dr. Achiri Mongo Eric
C108: HND Cordinator | F108: Dean-FBMS-HND
C116: CATHOLIC UNIVERSITY OF CAMEROON (CATUC), BAMENDA
A117: SCHOOL/ FACULTY: FACULTY OF SCIENCE | C117: BUSINESS AND MANAGEMENT SCIENCES | L117: DEPARTMENT: MARKETING
L118: SEMESTER: FIRST SEMESTER
A119: HND | L119: SCHOOL YEAR: 2023/2024
C120: FREQUENCY DISTRIBUTION PERFORMANCES OF STUDENTS
A121: SN | B121: COURSE CODE | C121: COURSE TITLE | D121: CV | E121: ST | F121: LECTURERS | G121: % CC | H121: NUMBER | L121: % PASS | M121: % FAIL | N121: NUMBER
H122: CR | I122: CE | J122: PASSED | K122: FAILED | N122: A | O122: B+ | P122: B | Q122: C+ | R122: C | S122: D+ | T122: D | U122: F
A123: 1 | B123: ='[1]level one'!$C$193 -> MKT1101H | C123: ='[1]level one'!$C$194 -> Principles of Marketing | D123: ='[1]level one'!$C$195 -> 3 | E123: C | F123: Mme. Teneng Conscience | G123: 91 | H123: ='FBMS-HND LEVEL ONE'!$O$304 -> 54 | I123: ='FBMS-HND LEVEL ONE'!$O$305 -> 54 | J123: ='FBMS-HND LEVEL ONE'!$O$307 -> 26 | K123: ='FBMS-HND LEVEL ONE'!$O$309 -> 28 | L123: =J123/I123*100 -> 48.148148 | M123: =K123/I123*100 -> 51.851852 | N123: ='FBMS-HND LEVEL ONE'!O314 -> 0 | O123: ='FBMS-HND LEVEL ONE'!P314 -> 3 | P123: ='FBMS-HND LEVEL ONE'!Q314 -> 3 | Q123: ='FBMS-HND LEVEL ONE'!R314 -> 7 | R123: ='FBMS-HND LEVEL ONE'!S314 -> 13 | S123: ='FBMS-HND LEVEL ONE'!T314 -> 5 | T123: ='FBMS-HND LEVEL ONE'!U314 -> 8 | U123: ='FBMS-HND LEVEL ONE'!V314 -> 15 | V123: =SUM(N123:U123) -> 54
A124: 2 | B124: MKT2101H | C124: Marketing Environment I & II | D124: 3 | E124: C | F124: Mme. Teneng Conscience | G124: 86 | H124: ='FBMS-HND LEVEL TWO'!$O$1063 -> 10 | I124: ='FBMS-HND LEVEL TWO'!$O$1064 -> 10 | J124: ='FBMS-HND LEVEL TWO'!$O$1066 -> 9 | K124: ='FBMS-HND LEVEL TWO'!$O$1068 -> 1 | L124: =J124/I124*100 -> 90 | M124: =K124/I124*100 -> 10 | N124: ='FBMS-HND LEVEL TWO'!O1074 -> 0 | O124: ='FBMS-HND LEVEL TWO'!P1074 -> 1 | P124: ='FBMS-HND LEVEL TWO'!Q1074 -> 4 | Q124: ='FBMS-HND LEVEL TWO'!R1074 -> 0 | R124: ='FBMS-HND LEVEL TWO'!S1074 -> 4 | S124: ='FBMS-HND LEVEL TWO'!T1074 -> 0 | T124: ='FBMS-HND LEVEL TWO'!U1074 -> 0 | U124: ='FBMS-HND LEVEL TWO'!V1074 -> 1 | V124: =SUM(N124:U124) -> 10
A125: 3 | B125: MKT2102H | C125: Marketing Tools | D125: 3 | E125: C | F125: Mme. Muyen Synthia | G125: 93 | H125: ='FBMS-HND LEVEL TWO'!$O$1028 -> 10 | I125: ='FBMS-HND LEVEL TWO'!$O$1029 -> 10 | J125: ='FBMS-HND LEVEL TWO'!$O$1031 -> 9 | K125: ='FBMS-HND LEVEL TWO'!$O$1033 -> 1 | L125: =J125/I125*100 -> 90 | M125: =K125/I125*100 -> 10 | N125: ='FBMS-HND LEVEL TWO'!O1040 -> 3 | O125: ='FBMS-HND LEVEL TWO'!P1040 -> 1 | P125: ='FBMS-HND LEVEL TWO'!Q1040 -> 5 | Q125: ='FBMS-HND LEVEL TWO'!R1040 -> 0 | R125: ='FBMS-HND LEVEL TWO'!S1040 -> 0 | S125: ='FBMS-HND LEVEL TWO'!T1040 -> 0 | T125: ='FBMS-HND LEVEL TWO'!U1040 -> 0 | U125: ='FBMS-HND LEVEL TWO'!V1040 -> 1 | V125: =SUM(N125:U125) -> 10
A126: 4 | B126: MKT2103H | C126: International Trade for Marketing | D126: 3 | E126: C | F126: Mme. Muyen Synthia | G126: 87 | H126: ='FBMS-HND LEVEL TWO'!$O$1130 -> 10 | I126: ='FBMS-HND LEVEL TWO'!$O$1131 -> 10 | J126: ='FBMS-HND LEVEL TWO'!$O$1133 -> 9 | K126: ='FBMS-HND LEVEL TWO'!$O$1135 -> 1 | L126: =J126/I126*100 -> 90 | M126: =K126/I126*100 -> 10 | N126: ='FBMS-HND LEVEL TWO'!O1141 -> 0 | O126: ='FBMS-HND LEVEL TWO'!P1141 -> 2 | P126: ='FBMS-HND LEVEL TWO'!Q1141 -> 4 | Q126: ='FBMS-HND LEVEL TWO'!R1141 -> 2 | R126: ='FBMS-HND LEVEL TWO'!S1141 -> 1 | S126: ='FBMS-HND LEVEL TWO'!T1141 -> 1 | T126: ='FBMS-HND LEVEL TWO'!U1141 -> 0 | U126: ='FBMS-HND LEVEL TWO'!V1141 -> 0 | V126: =SUM(N126:U126) -> 10
A127: 5 | B127: MKT2104H | C127: Marketing Mix | D127: 3 | E127: C | F127: Mme. Teneng Conscience | G127: 87 | H127: ='FBMS-HND LEVEL TWO'!$O$996 -> 10 | I127: ='FBMS-HND LEVEL TWO'!$O$997 -> 10 | J127: ='FBMS-HND LEVEL TWO'!$O$999 -> 9 | K127: ='FBMS-HND LEVEL TWO'!$O$1001 -> 1 | L127: =J127/I127*100 -> 90 | M127: =K127/I127*100 -> 10 | N127: ='FBMS-HND LEVEL TWO'!O1074 -> 0 | O127: ='FBMS-HND LEVEL TWO'!P1074 -> 1 | P127: ='FBMS-HND LEVEL TWO'!Q1074 -> 4 | Q127: ='FBMS-HND LEVEL TWO'!R1074 -> 0 | R127: ='FBMS-HND LEVEL TWO'!S1074 -> 4 | S127: ='FBMS-HND LEVEL TWO'!T1074 -> 0 | T127: ='FBMS-HND LEVEL TWO'!U1074 -> 0 | U127: ='FBMS-HND LEVEL TWO'!V1074 -> 1 | V127: =SUM(N127:U127) -> 10
A128: 6 | B128: MKT2105H | C128: Sales Technique and Policy | D128: 3 | E128: C | F128: Mme. Muyen Synthia | G128: 93 | H128: ='FBMS-HND LEVEL TWO'!$O$1098 -> 10 | I128: ='FBMS-HND LEVEL TWO'!$O$1099 -> 10 | J128: ='FBMS-HND LEVEL TWO'!$O$1101 -> 7 | K128: ='FBMS-HND LEVEL TWO'!$O$1103 -> 3 | L128: =J128/I128*100 -> 70 | M128: =K128/I128*100 -> 30 | N128: ='FBMS-HND LEVEL TWO'!O1109 -> 2 | O128: ='FBMS-HND LEVEL TWO'!P1109 -> 2 | P128: ='FBMS-HND LEVEL TWO'!Q1109 -> 1 | Q128: ='FBMS-HND LEVEL TWO'!R1109 -> 2 | R128: ='FBMS-HND LEVEL TWO'!S1109 -> 0 | S128: ='FBMS-HND LEVEL TWO'!T1109 -> 2 | T128: ='FBMS-HND LEVEL TWO'!U1109 -> 0 | U128: ='FBMS-HND LEVEL TWO'!V1109 -> 1 | V128: =SUM(N128:U128) -> 10
C129: TOTAL/ AVERAGE | H129: =SUM(H123:H128) -> 104 | I129: =SUM(I123:I128) -> 104 | J129: =SUM(J123:J128) -> 69 | K129: =SUM(K123:K128) -> 35 | L129: =J129/I129*100 -> 66.346154 | M129: =K129/I129*100 -> 33.653846 | N129: =SUM(N123:N128) -> 5 | O129: =SUM(O123:O128) -> 10 | P129: =SUM(P123:P128) -> 21 | Q129: =SUM(Q123:Q128) -> 11 | R129: =SUM(R123:R128) -> 22 | S129: =SUM(S123:S128) -> 8 | T129: =SUM(T123:T128) -> 8 | U129: =SUM(U123:U128) -> 19 | V129: =SUM(N129:U129) -> 104
B130: CV = Credit Value; ST = Status (C = Compulsory; E = Elective); CR = Candidates Registered; CE = Candidates Examined; % CC = Course Coverage; The % Pass is based on CE (Candidates who completed the course by writing the final examination.
B132: Number of Marked Scripts: | D132: =$I$129 -> 104 | I132: Number of Failed Scripts | N132: =$K$129 -> 35
B134: Number of Passed Scripts | D134: =$J$129 -> 69 | I134: Success Rate: | M134: =$L$129 -> 66.346154
A136: Lecturers:
C137: =$F$123 -> Mme. Teneng Conscience | O137: Mme. Muyen Synthia
C141: Sr. Elizabeth Ankiambom | E141: Mr. Paul O.B. Itor | F141: Achiri Mongo Eric
C142: HND Cordinator | F142: Dean-FBMS-HND
C144: CATHOLIC UNIVERSITY OF CAMEROON (CATUC), BAMENDA
A146: SCHOOL/ FACULTY FACULTY OF SCIENCE | L146: DEPARTMENT: BANKING AND FINANCE
L147: SEMESTER: FIRST SEMESTER
A148: HND | L148: SCHOOL YEAR: 2023/2024
C150: FREQUENCY DISTRIBUTION PERFORMANCES OF STUDENTS
A151: SN | B151: COURSE CODE | C151: COURSE TITLE | D151: CV | E151: ST | F151: LECTURERS | G151: % CC | H151: NUMBER | L151: % PASS | M151: % FAIL | N151: NUMBER
...

Sheet FBMS-HND LEVEL ONE
A1: Catholic University of Cameroon, CATUC, Bamenda
A2: Faculty of Business and Management Science-HND
A3: First Semester Exam 2023-2024
A4: Department: | C4: HND 1
A5: Course Code | C5: BFI1101H
A6: Course Title | C6: Principles of Banking
A7: Credit Value | C7: 3
A8: Lecturer | C8: Mme. Lukong Claris
A9: Level: 1
A10: S/N | B10: MAT. NO | C10: NAME | D10: Exam Codes | E10: Att/10 | F10: CA/30 | G10: Tot/40 | H10: sign in | I10: sign out | J10: Exam/60 | K10: Total/100 | L10: Grades | M10: Remarks
A12: =ROW(A1) -> 1 | B12: 381323H | C12: Abah Rameline Abo | D12: BFI1101H/6 | E12: 9 | F12: 21 | G12: =SUM(E12:F12) -> 30 | J12: 48 | K12: =SUM(G12:J12) -> 78 | L12: =IF(K12>=80,"A",IF(K12>=70,"B+",IF(K12>=60,"B",IF(K12>=55,"C+",IF(K12>=50,"C",IF(K12>=45,"D+",IF(K12>=40,"D","F"))))))) -> B+ | M12: =IF(K12>=50,"Passed","Failed") -> Passed | N12: STATISTICS
A13: =ROW(A2) -> 2 | B13: 378523H | C13: Abembom Kuate-mein Quinn Laurato | D13: BFI1101H/15 | E13: 10 | F13: 21 | G13: =SUM(E13:F13) -> 31 | J13: 43 | K13: =SUM(G13:J13) -> 74 | L13: =IF(K13>=80,"A",IF(K13>=70,"B+",IF(K13>=60,"B",IF(K13>=55,"C+",IF(K13>=50,"C",IF(K13>=45,"D+",IF(K13>=40,"D","F"))))))) -> B+ | M13: =IF(K13>=50,"Passed","Failed") -> Passed | N13: No. Registered | O13: =COUNT(G12:G65) -> 54
A14: =ROW(A3) -> 3 | B14: 377423H | C14: Awantang Mary-Lily | D14: BFI1101H/18 | E14: 10 | F14: 22 | G14: =SUM(E14:F14) -> 32 | J14: 42 | K14: =SUM(G14:J14) -> 74 | L14: =IF(K14>=80,"A",IF(K14>=70,"B+",IF(K14>=60,"B",IF(K14>=55,"C+",IF(K14>=50,"C",IF(K14>=45,"D+",IF(K14>=40,"D","F"))))))) -> B+ | M14: =IF(K14>=50,"Passed","Failed") -> Passed | N14: No. Examined | O14: =COUNT(J12:J65) -> 54
A15: =ROW(A4) -> 4 | B15: 378423H | C15: Azhinwie Jude Nde | D15: BFI1101H/27 | E15: 10 | F15: 22 | G15: =SUM(E15:F15) -> 32 | J15: 45 | K15: =SUM(G15:J15) -> 77 | L15: =IF(K15>=80,"A",IF(K15>=70,"B+",IF(K15>=60,"B",IF(K15>=55,"C+",IF(K15>=50,"C",IF(K15>=45,"D+",IF(K15>=40,"D","F"))))))) -> B+ | M15: =IF(K15>=50,"Passed","Failed") -> Passed | N15: No . ABS | O15: =O13-O14 -> 0
A16: =ROW(A5) -> 5 | B16: 383023H | C16: Bemsimbom consolata ndiwum | D16: BFI1101H/2 | E16: 10 | F16: 20 | G16: =SUM(E16:F16) -> 30 | J16: 57 | K16: =SUM(G16:J16) -> 87 | L16: =IF(K16>=80,"A",IF(K16>=70,"B+",IF(K16>=60,"B",IF(K16>=55,"C+",IF(K16>=50,"C",IF(K16>=45,"D+",IF(K16>=40,"D","F"))))))) -> A | M16: =IF(K16>=50,"Passed","Failed") -> Passed | N16: No. Passed | O16: =COUNTIF(M12:M65,"Passed") -> 47
A17: =ROW(A6) -> 6 | B17: 382323H | C17: Bih Noela | D17: BFI1101H/43 | E17: 10 | F17: 23 | G17: =SUM(E17:F17) -> 33 | J17: 50 | K17: =SUM(G17:J17) -> 83 | L17: =IF(K17>=80,"A",IF(K17>=70,"B+",IF(K17>=60,"B",IF(K17>=55,"C+",IF(K17>=50,"C",IF(K17>=45,"D+",IF(K17>=40,"D","F"))))))) -> A | M17: =IF(K17>=50,"Passed","Failed") -> Passed | N17: % Pass | O17: =O16/O14% -> 87.037037
A18: =ROW(A7) -> 7 | B18: 378223H | C18: Bobga Genevieve Nahlelah | D18: BFI1101H/42 | E18: 10 | F18: 12 | G18: =SUM(E18:F18) -> 22 | J18: 17 | K18: =SUM(G18:J18) -> 39 | L18: =IF(K18>=80,"A",IF(K18>=70,"B+",IF(K18>=60,"B",IF(K18>=55,"C+",IF(K18>=50,"C",IF(K18>=45,"D+",IF(K18>=40,"D","F"))))))) -> F | M18: =IF(K18>=50,"Passed","Failed") -> Failed | N18: No. Failed | O18: =COUNTIF(M12:M65,"failed") -> 7
A19: =ROW(A8) -> 8 | B19: 376823H | C19: Chendze Adel Akwanwi | D19: BFI1101H/38 | E19: 9 | F19: 23 | G19: =SUM(E19:F19) -> 32 | J19: 54 | K19: =SUM(G19:J19) -> 86 | L19: =IF(K19>=80,"A",IF(K19>=70,"B+",IF(K19>=60,"B",IF(K19>=55,"C+",IF(K19>=50,"C",IF(K19>=45,"D+",IF(K19>=40,"D","F"))))))) -> A | M19: =IF(K19>=50,"Passed","Failed") -> Passed | N19: % Failed | O19: =O18/O14% -> 12.962963
A20: =ROW(A9) -> 9 | B20: 382423H | C20: Chi Favor Nangah | D20: BFI1101H/47 | E20: 9 | F20: 23 | G20: =SUM(E20:F20) -> 32 | J20: 57 | K20: =SUM(G20:J20) -> 89 | L20: =IF(K20>=80,"A",IF(K20>=70,"B+",IF(K20>=60,"B",IF(K20>=55,"C+",IF(K20>=50,"C",IF(K20>=45,"D+",IF(K20>=40,"D","F"))))))) -> A | M20: =IF(K20>=50,"Passed","Failed") -> Passed | N20: Course Average | O20: =AVERAGE(K12:K65) -> 66.833333
A21: =ROW(A10) -> 10 | B21: 377523H | C21: Djouka Pouokam Dolie Stella | D21: BFI1101H/35 | E21: 9 | F21: 20 | G21: =SUM(E21:F21) -> 29 | J21: 17 | K21: =SUM(G21:J21) -> 46 | L21: =IF(K21>=80,"A",IF(K21>=70,"B+",IF(K21>=60,"B",IF(K21>=55,"C+",IF(K21>=50,"C",IF(K21>=45,"D+",IF(K21>=40,"D","F"))))))) -> D+ | M21: =IF(K21>=50,"Passed","Failed") -> Failed
A22: =ROW(A11) -> 11 | B22: 381623H | C22: Fonah Favour Ngongmene | D22: BFI1101H/32 | E22: 10 | F22: 24 | G22: =SUM(E22:F22) -> 34 | J22: 42 | K22: =SUM(G22:J22) -> 76 | L22: =IF(K22>=80,"A",IF(K22>=70,"B+",IF(K22>=60,"B",IF(K22>=55,"C+",IF(K22>=50,"C",IF(K22>=45,"D+",IF(K22>=40,"D","F"))))))) -> B+ | M22: =IF(K22>=50,"Passed","Failed") -> Passed
A23: =ROW(A12) -> 12 | B23: 380923H | C23: Forcham Emmanuel Forgwe | D23: BFI1101H/22 | E23: 9 | F23: 13 | G23: =SUM(E23:F23) -> 22 | J23: 28 | K23: =SUM(G23:J23) -> 50 | L23: =IF(K23>=80,"A",IF(K23>=70,"B+",IF(K23>=60,"B",IF(K23>=55,"C+",IF(K23>=50,"C",IF(K23>=45,"D+",IF(K23>=40,"D","F"))))))) -> C | M23: =IF(K23>=50,"Passed","Failed") -> Passed
A24: =ROW(A13) -> 13 | B24: 379423H | C24: Fonyuy Francesco Ngalle | D24: BFI1101H/3 | E24: 10 | F24: 17 | G24: =SUM(E24:F24) -> 27 | J24: 60 | K24: =SUM(G24:J24) -> 87 | L24: =IF(K24>=80,"A",IF(K24>=70,"B+",IF(K24>=60,"B",IF(K24>=55,"C+",IF(K24>=50,"C",IF(K24>=45,"D+",IF(K24>=40,"D","F"))))))) -> A | M24: =IF(K24>=50,"Passed","Failed") -> Passed | R24: A | S24: B+ | T24: B | U24: C+ | V24: C | W24: D+ | X24: D | Y24: F
A25: =ROW(A14) -> 14 | B25: 398623H | C25: Julinatu Fatu | D25: BFI1101H/50 | E25: 10 | F25: 23 | G25: =SUM(E25:F25) -> 33 | J25: 34 | K25: =SUM(G25:J25) -> 67 | L25: =IF(K25>=80,"A",IF(K25>=70,"B+",IF(K25>=60,"B",IF(K25>=55,"C+",IF(K25>=50,"C",IF(K25>=45,"D+",IF(K25>=40,"D","F"))))))) -> B | M25: =IF(K25>=50,"Passed","Failed") -> Passed | R25: =COUNTIF(L12:L65,"A") -> 12 | S25: =COUNTIF(L12:L65,"B+") -> 17 | T25: =COUNTIF(L12:L65,"B") -> 9 | U25: =COUNTIF(L12:L65,"C+") -> 4 | V25: =COUNTIF(L12:L65,"C") -> 5 | W25: =COUNTIF(L12:L65,"D+") -> 1 | X25: =COUNTIF(L12:L65,"D") -> 2 | Y25: =COUNTIF(L12:L65,"F") -> 4
A26: =ROW(A15) -> 15 | B26: 385123H | C26: Kelly Chelsea Eweh | D26: BFI1101H/11 | E26: 10 | F26: 15 | G26: =SUM(E26:F26) -> 25 | J26: 46 | K26: =SUM(G26:J26) -> 71 | L26: =IF(K26>=80,"A",IF(K26>=70,"B+",IF(K26>=60,"B",IF(K26>=55,"C+",IF(K26>=50,"C",IF(K26>=45,"D+",IF(K26>=40,"D","F"))))))) -> B+ | M26: =IF(K26>=50,"Passed","Failed") -> Passed
A27: =ROW(A16) -> 16 | B27: 381723H | C27: Kien Shella Tingoh | D27: BFI1101H/12 | E27: 8 | F27: 25 | G27: =SUM(E27:F27) -> 33 | J27: 48 | K27: =SUM(G27:J27) -> 81 | L27: =IF(K27>=80,"A",IF(K27>=70,"B+",IF(K27>=60,"B",IF(K27>=55,"C+",IF(K27>=50,"C",IF(K27>=45,"D+",IF(K27>=40,"D","F"))))))) -> A | M27: =IF(K27>=50,"Passed","Failed") -> Passed
A28: =ROW(A17) -> 17 | B28: 382823H | C28: Kwankep Mirielle Chunack | D28: BFI1101H/40 | E28: 9 | F28: 21 | G28: =SUM(E28:F28) -> 30 | J28: 38 | K28: =SUM(G28:J28) -> 68 | L28: =IF(K28>=80,"A",IF(K28>=70,"B+",IF(K28>=60,"B",IF(K28>=55,"C+",IF(K28>=50,"C",IF(K28>=45,"D+",IF(K28>=40,"D","F"))))))) -> B | M28: =IF(K28>=50,"Passed","Failed") -> Passed
A29: =ROW(A18) -> 18 | B29: 381123H | C29: Leonora Lemnwie Ndifor | D29: BFI1101H/30 | E29: 10 | F29: 16 | G29: =SUM(E29:F29) -> 26 | J29: 36 | K29: =SUM(G29:J29) -> 62 | L29: =IF(K29>=80,"A",IF(K29>=70,"B+",IF(K29>=60,"B",IF(K29>=55,"C+",IF(K29>=50,"C",IF(K29>=45,"D+",IF(K29>=40,"D","F"))))))) -> B | M29: =IF(K29>=50,"Passed","Failed") -> Passed
A30: =ROW(A19) -> 19 | B30: 389623H | C30: Lobga Wesley Nuvaga Tiwa | D30: BFI1101H/24 | E30: 10 | F30: 18 | G30: =SUM(E30:F30) -> 28 | J30: 54 | K30: =SUM(G30:J30) -> 82 | L30: =IF(K30>=80,"A",IF(K30>=70,"B+",IF(K30>=60,"B",IF(K30>=55,"C+",IF(K30>=50,"C",IF(K30>=45,"D+",IF(K30>=40,"D","F"))))))) -> A | M30: =IF(K30>=50,"Passed","Failed") -> Passed
A31: =ROW(A20) -> 20 | B31: 389023H | C31: Mankah Anna Nde | D31: BFI1101H/1 | E31: 9 | F31: 14 | G31: =SUM(E31:F31) -> 23 | J31: 28 | K31: =SUM(G31:J31) -> 51 | L31: =IF(K31>=80,"A",IF(K31>=70,"B+",IF(K31>=60,"B",IF(K31>=55,"C+",IF(K31>=50,"C",IF(K31>=45,"D+",IF(K31>=40,"D","F"))))))) -> C | M31: =IF(K31>=50,"Passed","Failed") -> Passed
A32: =ROW(A21) -> 21 | B32: 384823H | C32: Mbah Audrey Ngwe | D32: BFI1101H/34 | E32: 9 | F32: 15 | G32: =SUM(E32:F32) -> 24 | J32: 48 | K32: =SUM(G32:J32) -> 72 | L32: =IF(K32>=80,"A",IF(K32>=70,"B+",IF(K32>=60,"B",IF(K32>=55,"C+",IF(K32>=50,"C",IF(K32>=45,"D+",IF(K32>=40,"D","F"))))))) -> B+ | M32: =IF(K32>=50,"Passed","Failed") -> Passed
A33: =ROW(A22) -> 22 | B33: 404023H | C33: Ndamukong Jirez | D33: BFI1101H/13 | E33: 8 | F33: 19 | G33: =SUM(E33:F33) -> 27 | J33: 45 | K33: =SUM(G33:J33) -> 72 | L33: =IF(K33>=80,"A",IF(K33>=70,"B+",IF(K33>=60,"B",IF(K33>=55,"C+",IF(K33>=50,"C",IF(K33>=45,"D+",IF(K33>=40,"D","F"))))))) -> B+ | M33: =IF(K33>=50,"Passed","Failed") -> Passed
A34: =ROW(A23) -> 23 | B34: 387923H | C34: Ndipmun Cynthia Atuo | D34: BFI1101H/10 | E34: 8 | F34: 25 | G34: =SUM(E34:F34) -> 33 | J34: 43 | K34: =SUM(G34:J34) -> 76 | L34: =IF(K34>=80,"A",IF(K34>=70,"B+",IF(K34>=60,"B",IF(K34>=55,"C+",IF(K34>=50,"C",IF(K34>=45,"D+",IF(K34>=40,"D","F"))))))) -> B+ | M34: =IF(K34>=50,"Passed","Failed") -> Passed
A35: =ROW(A24) -> 24 | B35: 379023H | C35: Neiwoubua Chelsea Abubarka | D35: BFI1101H/16 | E35: 9 | F35: 19 | G35: =SUM(E35:F35) -> 28 | J35: 48 | K35: =SUM(G35:J35) -> 76 | L35: =IF(K35>=80,"A",IF(K35>=70,"B+",IF(K35>=60,"B",IF(K35>=55,"C+",IF(K35>=50,"C",IF(K35>=45,"D+",IF(K35>=40,"D","F"))))))) -> B+ | M35: =IF(K35>=50,"Passed","Failed") -> Passed
A36: =ROW(A25) -> 25 | B36: 380623H | C36: Ngwain Gisele Fuen | D36: BFI1101H/26 | E36: 10 | F36: 25 | G36: =SUM(E36:F36) -> 35 | J36: 17 | K36: =SUM(G36:J36) -> 52 | L36: =IF(K36>=80,"A",IF(K36>=70,"B+",IF(K36>=60,"B",IF(K36>=55,"C+",IF(K36>=50,"C",IF(K36>=45,"D+",IF(K36>=40,"D","F"))))))) -> C | M36: =IF(K36>=50,"Passed","Failed") -> Passed
A37: =ROW(A26) -> 26 | B37: 382723H | C37: Nji Dilian Chi | D37: BFI1101H/52 | E37: 9 | F37: 18 | G37: =SUM(E37:F37) -> 27 | J37: 34 | K37: =SUM(G37:J37) -> 61 | L37: =IF(K37>=80,"A",IF(K37>=70,"B+",IF(K37>=60,"B",IF(K37>=55,"C+",IF(K37>=50,"C",IF(K37>=45,"D+",IF(K37>=40,"D","F"))))))) -> B | M37: =IF(K37>=50,"Passed","Failed") -> Passed
A38: =ROW(A27) -> 27 | B38: 381423H | C38: Nkwelong Elizabeth Ebombe | D38: BFI1101H/33 | E38: 10 | F38: 19 | G38: =SUM(E38:F38) -> 29 | J38: 42 | K38: =SUM(G38:J38) -> 71 | L38: =IF(K38>=80,"A",IF(K38>=70,"B+",IF(K38>=60,"B",IF(K38>=55,"C+",IF(K38>=50,"C",IF(K38>=45,"D+",IF(K38>=40,"D","F"))))))) -> B+ | M38: =IF(K38>=50,"Passed","Failed") -> Passed
A39: =ROW(A28) -> 28 | B39: 400123 | C39: Tata Shella Ijang | D39: BFI1101H/36 | E39: 10 | F39: 7 | G39: =SUM(E39:F39) -> 17 | J39: 42 | K39: =SUM(G39:J39) -> 59 | L39: =IF(K39>=80,"A",IF(K39>=70,"B+",IF(K39>=60,"B",IF(K39>=55,"C+",IF(K39>=50,"C",IF(K39>=45,"D+",IF(K39>=40,"D","F"))))))) -> C+ | M39: =IF(K39>=50,"Passed","Failed") -> Passed
A40: =ROW(A29) -> 29 | B40: 378623H | C40: Keunang Tchouala Blaise | D40: BFI1101H/7 | E40: 10 | F40: 9 | G40: =SUM(E40:F40) -> 19 | J40: 44 | K40: =SUM(G40:J40) -> 63 | L40: =IF(K40>=80,"A",IF(K40>=70,"B+",IF(K40>=60,"B",IF(K40>=55,"C+",IF(K40>=50,"C",IF(K40>=45,"D+",IF(K40>=40,"D","F"))))))) -> B | M40: =IF(K40>=50,"Passed","Failed") -> Passed
A41: =ROW(A30) -> 30 | B41: 379223H | C41: Teko Desmourine Engonwei | D41: BFI1101H/9 | E41: 10 | F41: 21 | G41: =SUM(E41:F41) -> 31 | J41: 56 | K41: =SUM(G41:J41) -> 87 | L41: =IF(K41>=80,"A",IF(K41>=70,"B+",IF(K41>=60,"B",IF(K41>=55,"C+",IF(K41>=50,"C",IF(K41>=45,"D+",IF(K41>=40,"D","F"))))))) -> A | M41: =IF(K41>=50,"Passed","Failed") -> Passed
A42: =ROW(A31) -> 31 | B42: 384523H | C42: Tubong Precious Njua | D42: BFI1101H/49 | E42: 9 | F42: 24 | G42: =SUM(E42:F42) -> 33 | J42: 37 | K42: =SUM(G42:J42) -> 70 | L42: =IF(K42>=80,"A",IF(K42>=70,"B+",IF(K42>=60,"B",IF(K42>=55,"C+",IF(K42>=50,"C",IF(K42>=45,"D+",IF(K42>=40,"D","F"))))))) -> B+ | M42: =IF(K42>=50,"Passed","Failed") -> Passed
A43: =ROW(A32) -> 32 | B43: 385223H | C43: Abengchie Favour Mbei | D43: BFI1101H/14 | E43: 10 | F43: 14 | G43: =SUM(E43:F43) -> 24 | J43: 43 | K43: =SUM(G43:J43) -> 67 | L43: =IF(K43>=80,"A",IF(K43>=70,"B+",IF(K43>=60,"B",IF(K43>=55,"C+",IF(K43>=50,"C",IF(K43>=45,"D+",IF(K43>=40,"D","F"))))))) -> B | M43: =IF(K43>=50,"Passed","Failed") -> Passed
A44: =ROW(A33) -> 33 | B44: 376723H | C44: Nge Vema Wirnyu | D44: BFI1101H/46 | E44: 9 | F44: 16 | G44: =SUM(E44:F44) -> 25 | J44: 28 | K44: =SUM(G44:J44) -> 53 | L44: =IF(K44>=80,"A",IF(K44>=70,"B+",IF(K44>=60,"B",IF(K44>=55,"C+",IF(K44>=50,"C",IF(K44>=45,"D+",IF(K44>=40,"D","F"))))))) -> C | M44: =IF(K44>=50,"Passed","Failed") -> Passed
A45: =ROW(A34) -> 34 | B45: 373523H | C45: Ankinimbom Tina Fienkeh | D45: BFI1101H/54 | E45: 8 | F45: 9 | G45: =SUM(E45:F45) -> 17 | J45: 15 | K45: =SUM(G45:J45) -> 32 | L45: =IF(K45>=80,"A",IF(K45>=70,"B+",IF(K45>=60,"B",IF(K45>=55,"C+",IF(K45>=50,"C",IF(K45>=45,"D+",IF(K45>=40,"D","F"))))))) -> F | M45: =IF(K45>=50,"Passed","Failed") -> Failed
A46: =ROW(A35) -> 35 | B46: 371623H | C46: Mukefor Valery Sama | D46: BFI1101H/20 | E46: 10 | F46: 25 | G46: =SUM(E46:F46) -> 35 | J46: 48 | K46: =SUM(G46:J46) -> 83 | L46: =IF(K46>=80,"A",IF(K46>=70,"B+",IF(K46>=60,"B",IF(K46>=55,"C+",IF(K46>=50,"C",IF(K46>=45,"D+",IF(K46>=40,"D","F"))))))) -> A | M46: =IF(K46>=50,"Passed","Failed") -> Passed
A47: =ROW(A36) -> 36 | B47: 392623H | C47: Akwa Marie Vivian Nsoh | D47: BFI1101H/41 | E47: 10 | F47: 27 | G47: =SUM(E47:F47) -> 37 | J47: 30 | K47: =SUM(G47:J47) -> 67 | L47: =IF(K47>=80,"A",IF(K47>=70,"B+",IF(K47>=60,"B",IF(K47>=55,"C+",IF(K47>=50,"C",IF(K47>=45,"D+",IF(K47>=40,"D","F"))))))) -> B | M47: =IF(K47>=50,"Passed","Failed") -> Passed
A48: =ROW(A37) -> 37 | B48: 372323H | C48: Bih Stephanie Anye | D48: BFI1101H/53 | E48: 10 | F48: 24 | G48: =SUM(E48:F48) -> 34 | J48: 41 | K48: =SUM(G48:J48) -> 75 | L48: =IF(K48>=80,"A",IF(K48>=70,"B+",IF(K48>=60,"B",IF(K48>=55,"C+",IF(K48>=50,"C",IF(K48>=45,"D+",IF(K48>=40,"D","F"))))))) -> B+ | M48: =IF(K48>=50,"Passed","Failed") -> Passed
A49: =ROW(A38) -> 38 | B49: 385723H | C49: Chouah Joel | D49: BFI1101H/25 | E49: 8 | F49: 14 | G49: =SUM(E49:F49) -> 22 | J49: 21 | K49: =SUM(G49:J49) -> 43 | L49: =IF(K49>=80,"A",IF(K49>=70,"B+",IF(K49>=60,"B",IF(K49>=55,"C+",IF(K49>=50,"C",IF(K49>=45,"D+",IF(K49>=40,"D","F"))))))) -> D | M49: =IF(K49>=50,"Passed","Failed") -> Failed
A50: =ROW(A39) -> 39 | B50: 383123H | C50: Anyam Joyce Mafor | D50: BFI1101H/4 | E50: 10 | F50: 18 | G50: =SUM(E50:F50) -> 28 | J50: 27 | K50: =SUM(G50:J50) -> 55 | L50: =IF(K50>=80,"A",IF(K50>=70,"B+",IF(K50>=60,"B",IF(K50>=55,"C+",IF(K50>=50,"C",IF(K50>=45,"D+",IF(K50>=40,"D","F"))))))) -> C+ | M50: =IF(K50>=50,"Passed","Failed") -> Passed
A51: =ROW(A40) -> 40 | B51: 388723H | C51: Mainimo Jerome Tangwa | D51: BFI1101H/21 | E51: 9 | F51: 8 | G51: =SUM(E51:F51) -> 17 | J51: 16 | K51: =SUM(G51:J51) -> 33 | L51: =IF(K51>=80,"A",IF(K51>=70,"B+",IF(K51>=60,"B",IF(K51>=55,"C+",IF(K51>=50,"C",IF(K51>=45,"D+",IF(K51>=40,"D","F"))))))) -> F | M51: =IF(K51>=50,"Passed","Failed") -> Failed
... A65: =ROW(A54) -> 54 | B65: 385823H | C65: Ngeugang Feukeng Rosaline | D65: BFI1101H/8 | E65: 9 | F65: 22 | G65: =SUM(E65:F65) -> 31 | J65: 42 | K65: =SUM(G65:J65) -> 73 | L65: =IF(K65>=80,"A",IF(K65>=70,"B+",IF(K65>=60,"B",IF(K65>=55,"C+",IF(K65>=50,"C",IF(K65>=45,"D+",IF(K65>=40,"D","F"))))))) -> B+ | M65: =IF(K65>=50,"Passed","Failed") -> Passed
A70: Catholic University of Cameroon, CATUC, Bamenda
A71: Faculty of Business and Management Science-HND
A72: First Semester Exam 2023-2024
A73: Department: | C73: HND 1
A74: Course Code | C74: BFI1102H
A75: Course Title | C75: Principles of Finance
A76: Credit Value | C76: 3
A77: Lecturer | C77: Mme. Lukong Claris
A78: Level: 1
A79: S/N | B79: MAT. NO | C79: NAME | D79: Exam Codes | E79: Att/10 | F79: CA/30 | G79: Tot/40 | H79: sign in | I79: sign out | J79: Exam/60 | K79: Total/100
L80: Grades | M80: Remarks
A81: =ROW(A1) -> 1 | B81: 381323H | C81: Abah Rameline Abo | D81: BFI1102H/10 | E81: 9 | F81: 26 | G81: =SUM(E81:F81) -> 35 | J81: 34 | K81: =SUM(G81:J81) -> 69 | L81: =IF(K81>=80,"A",IF(K81>=70,"B+",IF(K81>=60,"B",IF(K81>=55,"C+",IF(K81>=50,"C",IF(K81>=45,"D+",IF(K81>=40,"D","F"))))))) -> B | M81: =IF(K81>=50,"Passed","Failed") -> Passed
A82: =ROW(A2) -> 2 | B82: 378523H | C82: Abembom Kuate-mein Quinn Laurato | D82: BFI1102H/8 | E82: 10 | F82: 25 | G82: =SUM(E82:F82) -> 35 | J82: 38 | K82: =SUM(G82:J82) -> 73 | L82: =IF(K82>=80,"A",IF(K82>=70,"B+",IF(K82>=60,"B",IF(K82>=55,"C+",IF(K82>=50,"C",IF(K82>=45,"D+",IF(K82>=40,"D","F"))))))) -> B+ | M82: =IF(K82>=50,"Passed","Failed") -> Passed | N82: STATISTICS
A83: =ROW(A3) -> 3 | B83: 377423H | C83: Awantang Mary-Lily | D83: BFI1102H/37 | E83: 10 | F83: 24.5 | G83: =SUM(E83:F83) -> 34.5 | J83: 22 | K83: =SUM(G83:J83) -> 56.5 | L83: =IF(K83>=80,"A",IF(K83>=70,"B+",IF(K83>=60,"B",IF(K83>=55,"C+",IF(K83>=50,"C",IF(K83>=45,"D+",IF(K83>=40,"D","F"))))))) -> C+ | M83: =IF(K83>=50,"Passed","Failed") -> Passed | N83: No. Registered | O83: =COUNT(G81:G144) -> 64
A84: =ROW(A4) -> 4 | B84: 378423H | C84: Azhinwie Jude Nde | D84: BFI1102H/14 | E84: 10 | F84: 24.5 | G84: =SUM(E84:F84) -> 34.5 | J84: 28 | K84: =SUM(G84:J84) -> 62.5 | L84: =IF(K84>=80,"A",IF(K84>=70,"B+",IF(K84>=60,"B",IF(K84>=55,"C+",IF(K84>=50,"C",IF(K84>=45,"D+",IF(K84>=40,"D","F"))))))) -> B | M84: =IF(K84>=50,"Passed","Failed") -> Passed | N84: No. Examined | O84: =COUNT(J81:J144) -> 59
A85: =ROW(A5) -> 5 | B85: 383023H | C85: Bemsimbom consolata ndiwum | D85: BFI1102H/11 | E85: 10 | F85: 17 | G85: =SUM(E85:F85) -> 27 | J85: 31 | K85: =SUM(G85:J85) -> 58 | L85: =IF(K85>=80,"A",IF(K85>=70,"B+",IF(K85>=60,"B",IF(K85>=55,"C+",IF(K85>=50,"C",IF(K85>=45,"D+",IF(K85>=40,"D","F"))))))) -> C+ | M85: =IF(K85>=50,"Passed","Failed") -> Passed | N85: No . ABS | O85: =O83-O84 -> 5
A86: =ROW(A6) -> 6 | B86: 382323H | C86: Bih Noela | D86: BFI1102H/18 | E86: 10 | F86: 27 | G86: =SUM(E86:F86) -> 37 | J86: 32 | K86: =SUM(G86:J86) -> 69 | L86: =IF(K86>=80,"A",IF(K86>=70,"B+",IF(K86>=60,"B",IF(K86>=55,"C+",IF(K86>=50,"C",IF(K86>=45,"D+",IF(K86>=40,"D","F"))))))) -> B | M86: =IF(K86>=50,"Passed","Failed") -> Passed | N86: No. Passed | O86: =COUNTIF(M81:M144,"Passed") -> 52
A87: =ROW(A7) -> 7 | B87: 378223H | C87: Bobga Genevieve Nahlelah | D87: BFI1102H/53 | E87: 9 | F87: 28 | G87: =SUM(E87:F87) -> 37 | J87: 15 | K87: =SUM(G87:J87) -> 52 | L87: =IF(K87>=80,"A",IF(K87>=70,"B+",IF(K87>=60,"B",IF(K87>=55,"C+",IF(K87>=50,"C",IF(K87>=45,"D+",IF(K87>=40,"D","F"))))))) -> C | M87: =IF(K87>=50,"Passed","Failed") -> Passed | N87: % Pass | O87: =O86/O84% -> 88.135593
A88: =ROW(A8) -> 8 | B88: 376823H | C88: Chendze Adel Akwanwi | D88: BFI1102H/15 | E88: 8 | F88: 24 | G88: =SUM(E88:F88) -> 32 | J88: 33 | K88: =SUM(G88:J88) -> 65 | L88: =IF(K88>=80,"A",IF(K88>=70,"B+",IF(K88>=60,"B",IF(K88>=55,"C+",IF(K88>=50,"C",IF(K88>=45,"D+",IF(K88>=40,"D","F"))))))) -> B | M88: =IF(K88>=50,"Passed","Failed") -> Passed | N88: No. Failed | O88: =COUNTIF(M81:M144,"failed") -> 7
A89: =ROW(A9) -> 9 | B89: 382423H | C89: Chi Favor Nangah | D89: BFI1102H/40 | E89: 10 | F89: 28 | G89: =SUM(E89:F89) -> 38 | J89: 46 | K89: =SUM(G89:J89) -> 84 | L89: =IF(K89>=80,"A",IF(K89>=70,"B+",IF(K89>=60,"B",IF(K89>=55,"C+",IF(K89>=50,"C",IF(K89>=45,"D+",IF(K89>=40,"D","F"))))))) -> A | M89: =IF(K89>=50,"Passed","Failed") -> Passed | N89: % Failed | O89: =O88/O84% -> 11.864407
A90: =ROW(A10) -> 10 | B90: 377523H | C90: Djouka Pouokam Dolie Stella | D90: BFI1102H/58 | E90: 9 | F90: 26 | G90: =SUM(E90:F90) -> 35 | J90: 12 | K90: =SUM(G90:J90) -> 47 | L90: =IF(K90>=80,"A",IF(K90>=70,"B+",IF(K90>=60,"B",IF(K90>=55,"C+",IF(K90>=50,"C",IF(K90>=45,"D+",IF(K90>=40,"D","F"))))))) -> D+ | M90: =IF(K90>=50,"Passed","Failed") -> Failed | N90: Course Average | O90: =AVERAGE(K81:K144) -> 60.237288
A91: =ROW(A11) -> 11 | B91: 381623H | C91: Fonah Favour Ngongmene | D91: BFI1102H/29 | E91: 10 | F91: 27 | G91: =SUM(E91:F91) -> 37 | J91: 50 | K91: =SUM(G91:J91) -> 87 | L91: =IF(K91>=80,"A",IF(K91>=70,"B+",IF(K91>=60,"B",IF(K91>=55,"C+",IF(K91>=50,"C",IF(K91>=45,"D+",IF(K91>=40,"D","F"))))))) -> A | M91: =IF(K91>=50,"Passed","Failed") -> Passed
A92: =ROW(A12) -> 12 | B92: 380923H | C92: Forcham Emmanuel Forgwe | D92: BFI1102H/48 | E92: 10 | F92: 17 | G92: =SUM(E92:F92) -> 27 | J92: 31 | K92: =SUM(G92:J92) -> 58 | L92: =IF(K92>=80,"A",IF(K92>=70,"B+",IF(K92>=60,"B",IF(K92>=55,"C+",IF(K92>=50,"C",IF(K92>=45,"D+",IF(K92>=40,"D","F"))))))) -> C+ | M92: =IF(K92>=50,"Passed","Failed") -> Passed
A93: =ROW(A13) -> 13 | B93: 379423H | C93: Fonyuy Francesco Ngalle | D93: BFI1102H/55 | E93: 10 | F93: 25 | G93: =SUM(E93:F93) -> 35 | J93: 38 | K93: =SUM(G93:J93) -> 73 | L93: =IF(K93>=80,"A",IF(K93>=70,"B+",IF(K93>=60,"B",IF(K93>=55,"C+",IF(K93>=50,"C",IF(K93>=45,"D+",IF(K93>=40,"D","F"))))))) -> B+ | M93: =IF(K93>=50,"Passed","Failed") -> Passed
A94: =ROW(A14) -> 14 | B94: 398623H | C94: Julinatu Fatu | D94: BFI1102H/23 | E94: 10 | F94: 27.5 | G94: =SUM(E94:F94) -> 37.5 | J94: 27 | K94: =SUM(G94:J94) -> 64.5 | L94: =IF(K94>=80,"A",IF(K94>=70,"B+",IF(K94>=60,"B",IF(K94>=55,"C+",IF(K94>=50,"C",IF(K94>=45,"D+",IF(K94>=40,"D","F"))))))) -> B | M94: =IF(K94>=50,"Passed","Failed") -> Passed | O94: A | P94: B+ | Q94: B | R94: C+ | S94: C | T94: D+ | U94: D | V94: F
A95: =ROW(A15) -> 15 | B95: 385123H | C95: Kelly Chelsea Eweh | D95: BFI1102H/59 | E95: 10 | F95: 27 | G95: =SUM(E95:F95) -> 37 | J95: 13 | K95: =SUM(G95:J95) -> 50 | L95: =IF(K95>=80,"A",IF(K95>=70,"B+",IF(K95>=60,"B",IF(K95>=55,"C+",IF(K95>=50,"C",IF(K95>=45,"D+",IF(K95>=40,"D","F"))))))) -> C | M95: =IF(K95>=50,"Passed","Failed") -> Passed | O95: =COUNTIF(L81:L144,"A") -> 2 | P95: =COUNTIF(L81:L144,"B+") -> 9 | Q95: =COUNTIF(L81:L144,"B") -> 19 | R95: =COUNTIF(L81:L144,"C+") -> 11 | S95: =COUNTIF(L81:L144,"C") -> 11 | T95: =COUNTIF(L81:L144,"D+") -> 3 | U95: =COUNTIF(L81:L144,"D") -> 3 | V95: =COUNTIF(L81:L144,"F") -> 1
A96: =ROW(A16) -> 16 | B96: 381723H | C96: Kien Shella Tingoh | D96: BFI1102H/30 | E96: 8 | F96: 28.5 | G96: =SUM(E96:F96) -> 36.5 | J96: 43 | K96: =SUM(G96:J96) -> 79.5 | L96: =IF(K96>=80,"A",IF(K96>=70,"B+",IF(K96>=60,"B",IF(K96>=55,"C+",IF(K96>=50,"C",IF(K96>=45,"D+",IF(K96>=40,"D","F"))))))) -> B+ | M96: =IF(K96>=50,"Passed","Failed") -> Passed
A97: =ROW(A17) -> 17 | B97: 382823H | C97: Kwankep Mirielle Chunack | D97: BFI1102H/13 | E97: 9 | F97: 21 | G97: =SUM(E97:F97) -> 30 | J97: 43 | K97: =SUM(G97:J97) -> 73 | L97: =IF(K97>=80,"A",IF(K97>=70,"B+",IF(K97>=60,"B",IF(K97>=55,"C+",IF(K97>=50,"C",IF(K97>=45,"D+",IF(K97>=40,"D","F"))))))) -> B+ | M97: =IF(K97>=50,"Passed","Failed") -> Passed
A98: =ROW(A18) -> 18 | B98: 381123H | C98: Leonora Lemnwie Ndifor | D98: BFI1102H/28 | E98: 10 | F98: 24 | G98: =SUM(E98:F98) -> 34 | J98: 39 | K98: =SUM(G98:J98) -> 73 | L98: =IF(K98>=80,"A",IF(K98>=70,"B+",IF(K98>=60,"B",IF(K98>=55,"C+",IF(K98>=50,"C",IF(K98>=45,"D+",IF(K98>=40,"D","F"))))))) -> B+ | M98: =IF(K98>=50,"Passed","Failed") -> Passed
A99: =ROW(A19) -> 19 | B99: 389623H | C99: Lobga Wesley Nuvaga Tiwa | D99: BFI1102H/50 | E99: 10 | F99: 28 | G99: =SUM(E99:F99) -> 38 | J99: 15 | K99: =SUM(G99:J99) -> 53 | L99: =IF(K99>=80,"A",IF(K99>=70,"B+",IF(K99>=60,"B",IF(K99>=55,"C+",IF(K99>=50,"C",IF(K99>=45,"D+",IF(K99>=40,"D","F"))))))) -> C | M99: =IF(K99>=50,"Passed","Failed") -> Passed
A100: =ROW(A20) -> 20 | B100: 389023H | C100: Mankah Anna Nde | D100: BFI1102H/52 | E100: 9 | F100: 25 | G100: =SUM(E100:F100) -> 34 | J100: 32 | K100: =SUM(G100:J100) -> 66 | L100: =IF(K100>=80,"A",IF(K100>=70,"B+",IF(K100>=60,"B",IF(K100>=55,"C+",IF(K100>=50,"C",IF(K100>=45,"D+",IF(K100>=40,"D","F"))))))) -> B | M100: =IF(K100>=50,"Passed","Failed") -> Passed
A101: =ROW(A21) -> 21 | B101: 384823H | C101: Mbah Audrey Ngwe | D101: BFI1102H/7 | E101: 9 | F101: 26 | G101: =SUM(E101:F101) -> 35 | J101: 40 | K101: =SUM(G101:J101) -> 75 | L101: =IF(K101>=80,"A",IF(K101>=70,"B+",IF(K101>=60,"B",IF(K101>=55,"C+",IF(K101>=50,"C",IF(K101>=45,"D+",IF(K101>=40,"D","F"))))))) -> B+ | M101: =IF(K101>=50,"Passed","Failed") -> Passed
A102: =ROW(A22) -> 22 | B102: 404023H | C102: Ndamukong Jirez | D102: BFI1102H/9 | E102: 8 | F102: 24 | G102: =SUM(E102:F102) -> 32 | J102: 18 | K102: =SUM(G102:J102) -> 50 | L102: =IF(K102>=80,"A",IF(K102>=70,"B+",IF(K102>=60,"B",IF(K102>=55,"C+",IF(K102>=50,"C",IF(K102>=45,"D+",IF(K102>=40,"D","F"))))))) -> C | M102: =IF(K102>=50,"Passed","Failed") -> Passed
A103: =ROW(A23) -> 23 | B103: 387923H | C103: Ndipmun Cynthia Atuo | D103: BFI1102H/34 | E103: 8 | F103: 29 | G103: =SUM(E103:F103) -> 37 | J103: 30 | K103: =SUM(G103:J103) -> 67 | L103: =IF(K103>=80,"A",IF(K103>=70,"B+",IF(K103>=60,"B",IF(K103>=55,"C+",IF(K103>=50,"C",IF(K103>=45,"D+",IF(K103>=40,"D","F"))))))) -> B | M103: =IF(K103>=50,"Passed","Failed") -> Passed
A104: =ROW(A24) -> 24 | B104: 379023H | C104: Neiwoubua Chelsea Abubarka | D104: BFI1102H/35 | E104: 9 | F104: 18 | G104: =SUM(E104:F104) -> 27 | J104: 23 | K104: =SUM(G104:J104) -> 50 | L104: =IF(K104>=80,"A",IF(K104>=70,"B+",IF(K104>=60,"B",IF(K104>=55,"C+",IF(K104>=50,"C",IF(K104>=45,"D+",IF(K104>=40,"D","F"))))))) -> C | M104: =IF(K104>=50,"Passed","Failed") -> Passed
A105: =ROW(A25) -> 25 | B105: 380623H | C105: Ngwain Gisele Fuen | D105: BFI1102H/31 | E105: 10 | F105: 26 | G105: =SUM(E105:F105) -> 36 | J105: 22 | K105: =SUM(G105:J105) -> 58 | L105: =IF(K105>=80,"A",IF(K105>=70,"B+",IF(K105>=60,"B",IF(K105>=55,"C+",IF(K105>=50,"C",IF(K105>=45,"D+",IF(K105>=40,"D","F"))))))) -> C+ | M105: =IF(K105>=50,"Passed","Failed") -> Passed
A106: =ROW(A26) -> 26 | B106: 382723H | C106: Nji Dilian Chi | D106: BFI1102H/54 | E106: 9 | F106: 21 | G106: =SUM(E106:F106) -> 30 | J106: 21 | K106: =SUM(G106:J106) -> 51 | L106: =IF(K106>=80,"A",IF(K106>=70,"B+",IF(K106>=60,"B",IF(K106>=55,"C+",IF(K106>=50,"C",IF(K106>=45,"D+",IF(K106>=40,"D","F"))))))) -> C | M106: =IF(K106>=50,"Passed","Failed") -> Passed
A107: =ROW(A27) -> 27 | B107: 381423H | C107: Nkwelong Elizabeth Ebombe | D107: BFI1102H/21 | E107: 10 | F107: 26.5 | G107: =SUM(E107:F107) -> 36.5 | J107: 43 | K107: =SUM(G107:J107) -> 79.5 | L107: =IF(K107>=80,"A",IF(K107>=70,"B+",IF(K107>=60,"B",IF(K107>=55,"C+",IF(K107>=50,"C",IF(K107>=45,"D+",IF(K107>=40,"D","F"))))))) -> B+ | M107: =IF(K107>=50,"Passed","Failed") -> Passed
A108: =ROW(A28) -> 28 | B108: 400123 | C108: Tata Shella Ijang | D108: BFI1102H/4 | E108: 9 | F108: 13 | G108: =SUM(E108:F108) -> 22 | J108: 38 | K108: =SUM(G108:J108) -> 60 | L108: =IF(K108>=80,"A",IF(K108>=70,"B+",IF(K108>=60,"B",IF(K108>=55,"C+",IF(K108>=50,"C",IF(K108>=45,"D+",IF(K108>=40,"D","F"))))))) -> B | M108: =IF(K108>=50,"Passed","Failed") -> Passed
A109: =ROW(A29) -> 29 | B109: 378623H | C109: Keunang Tchouala Blaise | D109: BFI1102H/12 | E109: 10 | F109: 22 | G109: =SUM(E109:F109) -> 32 | J109: 2 | K109: =SUM(G109:J109) -> 34 | L109: =IF(K109>=80,"A",IF(K109>=70,"B+",IF(K109>=60,"B",IF(K109>=55,"C+",IF(K109>=50,"C",IF(K109>=45,"D+",IF(K109>=40,"D","F"))))))) -> F | M109: =IF(K109>=50,"Passed","Failed") -> Failed
A110: =ROW(A30) -> 30 | B110: 379223H | C110: Teko Desmourine Engonwei | D110: BFI1102H/25 | E110: 10 | F110: 19.5 | G110: =SUM(E110:F110) -> 29.5 | J110: 33 | K110: =SUM(G110:J110) -> 62.5 | L110: =IF(K110>=80,"A",IF(K110>=70,"B+",IF(K110>=60,"B",IF(K110>=55,"C+",IF(K110>=50,"C",IF(K110>=45,"D+",IF(K110>=40,"D","F"))))))) -> B | M110: =IF(K110>=50,"Passed","Failed") -> Passed
A111: =ROW(A31) -> 31 | B111: 384523H | C111: Tubong Precious Njua | D111: BFI1102H/32 | E111: 9 | F111: 27.5 | G111: =SUM(E111:F111) -> 36.5 | J111: 33 | K111: =SUM(G111:J111) -> 69.5 | L111: =IF(K111>=80,"A",IF(K111>=70,"B+",IF(K111>=60,"B",IF(K111>=55,"C+",IF(K111>=50,"C",IF(K111>=45,"D+",IF(K111>=40,"D","F"))))))) -> B | M111: =IF(K111>=50,"Passed","Failed") -> Passed
A112: =ROW(A32) -> 32 | B112: 385223H | C112: Abengchie Favour Mbei | D112: BFI1102H/49 | E112: 10 | F112: 23 | G112: =SUM(E112:F112) -> 33 | J112: 32 | K112: =SUM(G112:J112) -> 65 | L112: =IF(K112>=80,"A",IF(K112>=70,"B+",IF(K112>=60,"B",IF(K112>=55,"C+",IF(K112>=50,"C",IF(K112>=45,"D+",IF(K112>=40,"D","F"))))))) -> B | M112: =IF(K112>=50,"Passed","Failed") -> Passed
A113: =ROW(A33) -> 33 | B113: 376723H | C113: Nge Vema Wirnyu | D113: BFI1102H/27 | E113: 9 | F113: 30 | G113: =SUM(E113:F113) -> 39 | J113: 11 | K113: =SUM(G113:J113) -> 50 | L113: =IF(K113>=80,"A",IF(K113>=70,"B+",IF(K113>=60,"B",IF(K113>=55,"C+",IF(K113>=50,"C",IF(K113>=45,"D+",IF(K113>=40,"D","F"))))))) -> C | M113: =IF(K113>=50,"Passed","Failed") -> Passed
A114: =ROW(A34) -> 34 | B114: 373523H | C114: Ankinimbom Tina Fienkeh | D114: BFI1102H/2 | E114: 10 | F114: 26 | G114: =SUM(E114:F114) -> 36 | J114: 16 | K114: =SUM(G114:J114) -> 52 | L114: =IF(K114>=80,"A",IF(K114>=70,"B+",IF(K114>=60,"B",IF(K114>=55,"C+",IF(K114>=50,"C",IF(K114>=45,"D+",IF(K114>=40,"D","F"))))))) -> C | M114: =IF(K114>=50,"Passed","Failed") -> Passed
A115: =ROW(A35) -> 35 | B115: 371623H | C115: Mukefor Valery Sama | D115: BFI1102H/44 | E115: 10 | F115: 20 | G115: =SUM(E115:F115) -> 30 | J115: 33 | K115: =SUM(G115:J115) -> 63 | L115: =IF(K115>=80,"A",IF(K115>=70,"B+",IF(K115>=60,"B",IF(K115>=55,"C+",IF(K115>=50,"C",IF(K115>=45,"D+",IF(K115>=40,"D","F"))))))) -> B | M115: =IF(K115>=50,"Passed","Failed") -> Passed
A116: =ROW(A36) -> 36 | B116: 392623H | C116: Akwa Marie Vivian Nsoh | D116: BFI1102H/1 | E116: 10 | F116: 26 | G116: =SUM(E116:F116) -> 36 | J116: 18 | K116: =SUM(G116:J116) -> 54 | L116: =IF(K116>=80,"A",IF(K116>=70,"B+",IF(K116>=60,"B",IF(K116>=55,"C+",IF(K116>=50,"C",IF(K116>=45,"D+",IF(K116>=40,"D","F"))))))) -> C | M116: =IF(K116>=50,"Passed","Failed") -> Passed
A117: =ROW(A37) -> 37 | B117: 372323H | C117: Bih Stephanie Anye | D117: BFI1102H/22 | E117: 10 | F117: 26 | G117: =SUM(E117:F117) -> 36 | J117: 24 | K117: =SUM(G117:J117) -> 60 | L117: =IF(K117>=80,"A",IF(K117>=70,"B+",IF(K117>=60,"B",IF(K117>=55,"C+",IF(K117>=50,"C",IF(K117>=45,"D+",IF(K117>=40,"D","F"))))))) -> B | M117: =IF(K117>=50,"Passed","Failed") -> Passed
A118: =ROW(A38) -> 38 | B118: 385723H | C118: Chouah Joel | D118: BFI1102H/3 | E118: 9 | F118: 21 | G118: =SUM(E118:F118) -> 30 | J118: 10 | K118: =SUM(G118:J118) -> 40 | L118: =IF(K118>=80,"A",IF(K118>=70,"B+",IF(K118>=60,"B",IF(K118>=55,"C+",IF(K118>=50,"C",IF(K118>=45,"D+",IF(K118>=40,"D","F"))))))) -> D | M118: =IF(K118>=50,"Passed","Failed") -> Failed
...

Sheet FBMS-HND LEVEL TWO
A1: Catholic University of Cameroon, CATUC, Bamenda
A2: Faculty of business & Management Sciences-HND
A3: First Semester Exam 2023-2024
A4: Department: | B4: Common course
A5: Course Code | B5: FRE 2101
A6: Course Title | B6: Functional French III
A7: Credit Value | B7: 2
A8: Lecturer | B8: Dr Ngoran George
A9: Level: 2 | B9: HND/FBMS 2 | L9: Grades | M9: Remarks | N9: STATISTICS
A10: S/N | B10: MAT. NO | C10: NAME | D10: Exam Codes | E10: Att/10 | F10: CA/30 | G10: Tot/40 | H10: sign in | I10: sign out | J10: Exam/60 | K10: Total/100 | N10: No. Registered | O10: =COUNT(G12:G65) -> 51
A11: Common Course | N11: No. Examined | O11: =COUNT(J12:J65) -> 48
A12: =ROW(A1) -> 1 | B12: 338222H | C12: Abdou Ziena Madinatou | D12: FRE 2101/17 | E12: 8 | F12: 23 | G12: =SUM(E12:F12) -> 31 | J12: 26 | K12: =SUM(G12:J12) -> 57 | L12: =IF(K12>=80,"A",IF(K12>=70,"B+",IF(K12>=60,"B",IF(K12>=55,"C+",IF(K12>=50,"C",IF(K12>=45,"D+",IF(K12>=40,"D","F"))))))) -> C+ | M12: =IF(K12>=50,"Passed","Failed") -> Passed | N12: No . ABS | O12: =O10-O11 -> 3
A13: =ROW(A2) -> 2 | B13: 330322H | C13: Acha Victory Nweyeh-kah | D13: FRE 2101/44 | E13: 8 | F13: 19 | G13: =SUM(E13:F13) -> 27 | J13: 26 | K13: =SUM(G13:J13) -> 53 | L13: =IF(K13>=80,"A",IF(K13>=70,"B+",IF(K13>=60,"B",IF(K13>=55,"C+",IF(K13>=50,"C",IF(K13>=45,"D+",IF(K13>=40,"D","F"))))))) -> C | M13: =IF(K13>=50,"Passed","Failed") -> Passed | N13: No. Passed | O13: =COUNTIF(M12:M65,"Passed") -> 37
A14: =ROW(A3) -> 3 | B14: 340822H | C14: Akang Courage Bi | D14: FRE 2101/12 | E14: 8 | F14: 23 | G14: =SUM(E14:F14) -> 31 | J14: 28 | K14: =SUM(G14:J14) -> 59 | L14: =IF(K14>=80,"A",IF(K14>=70,"B+",IF(K14>=60,"B",IF(K14>=55,"C+",IF(K14>=50,"C",IF(K14>=45,"D+",IF(K14>=40,"D","F"))))))) -> C+ | M14: =IF(K14>=50,"Passed","Failed") -> Passed | N14: % Pass | O14: =O13/O11% -> 77.083333
A15: =ROW(A4) -> 4 | B15: 340922H | C15: Awah Priddy Mboh-Ngeh | D15: FRE 2101/34 | E15: 8 | F15: 22 | G15: =SUM(E15:F15) -> 30 | J15: 20 | K15: =SUM(G15:J15) -> 50 | L15: =IF(K15>=80,"A",IF(K15>=70,"B+",IF(K15>=60,"B",IF(K15>=55,"C+",IF(K15>=50,"C",IF(K15>=45,"D+",IF(K15>=40,"D","F"))))))) -> C | M15: =IF(K15>=50,"Passed","Failed") -> Passed | N15: No. Failed | O15: =COUNTIF(M12:M65,"failed") -> 11
A16: =ROW(A5) -> 5 | B16: 330522H | C16: Bin Abigael Nwa | D16: FRE 2101/21 | E16: 8 | F16: 26 | G16: =SUM(E16:F16) -> 34 | J16: 32 | K16: =SUM(G16:J16) -> 66 | L16: =IF(K16>=80,"A",IF(K16>=70,"B+",IF(K16>=60,"B",IF(K16>=55,"C+",IF(K16>=50,"C",IF(K16>=45,"D+",IF(K16>=40,"D","F"))))))) -> B | M16: =IF(K16>=50,"Passed","Failed") -> Passed | N16: % Failed | O16: =O15/O11% -> 22.916667
A17: =ROW(A6) -> 6 | B17: 337322H | C17: Famah Shamah Nfor | D17: FRE 2101/11 | E17: 8 | F17: 21 | G17: =SUM(E17:F17) -> 29 | J17: 26 | K17: =SUM(G17:J17) -> 55 | L17: =IF(K17>=80,"A",IF(K17>=70,"B+",IF(K17>=60,"B",IF(K17>=55,"C+",IF(K17>=50,"C",IF(K17>=45,"D+",IF(K17>=40,"D","F"))))))) -> C+ | M17: =IF(K17>=50,"Passed","Failed") -> Passed | N17: Course Average | O17: =AVERAGE(K12:K65) -> 52.541667
A18: =ROW(A7) -> 7 | B18: 360022H | C18: Favour Bongnavti Aloni | D18: FRE 2101/
A19: =ROW(A8) -> 8 | B19: 345122H | C19: Fri Jenifer Chick | D19: FRE 2101/32 | E19: 8 | F19: 22 | G19: =SUM(E19:F19) -> 30 | J19: 24 | K19: =SUM(G19:J19) -> 54 | L19: =IF(K19>=80,"A",IF(K19>=70,"B+",IF(K19>=60,"B",IF(K19>=55,"C+",IF(K19>=50,"C",IF(K19>=45,"D+",IF(K19>=40,"D","F"))))))) -> C | M19: =IF(K19>=50,"Passed","Failed") -> Passed
A20: =ROW(A9) -> 9 | B20: 329522H | C20: Hawa Amira Ibrahim | D20: FRE 2101/37 | E20: 8 | F20: 21 | G20: =SUM(E20:F20) -> 29 | J20: 42 | K20: =SUM(G20:J20) -> 71 | L20: =IF(K20>=80,"A",IF(K20>=70,"B+",IF(K20>=60,"B",IF(K20>=55,"C+",IF(K20>=50,"C",IF(K20>=45,"D+",IF(K20>=40,"D","F"))))))) -> B+ | M20: =IF(K20>=50,"Passed","Failed") -> Passed | N20: Grades
A21: =ROW(A10) -> 10 | B21: 352522H | C21: Mbuya Excel Ngeh | D21: FRE 2101/15 | E21: 8 | F21: 12 | G21: =SUM(E21:F21) -> 20 | J21: 8 | K21: =SUM(G21:J21) -> 28 | L21: =IF(K21>=80,"A",IF(K21>=70,"B+",IF(K21>=60,"B",IF(K21>=55,"C+",IF(K21>=50,"C",IF(K21>=45,"D+",IF(K21>=40,"D","F"))))))) -> F | M21: =IF(K21>=50,"Passed","Failed") -> Failed | O21: A | P21: B+ | Q21: B | R21: C+ | S21: C | T21: D+ | U21: D | V21: F
A22: =ROW(A11) -> 11 | B22: 320021H | C22: Muna Beltus | D22: FRE 2101/ | O22: =COUNTIF(L12:L65,"A") -> 0 | P22: =COUNTIF(L12:L65,"B+") -> 2 | Q22: =COUNTIF(L12:L65,"B") -> 9 | R22: =COUNTIF(L12:L65,"C+") -> 9 | S22: =COUNTIF(L12:L65,"C") -> 17 | T22: =COUNTIF(L12:L65,"D+") -> 2 | U22: =COUNTIF(L12:L65,"D") -> 5 | V22: =COUNTIF(L12:L65,"F") -> 4
A23: =ROW(A12) -> 12 | B23: 330422H | C23: Nde Cindy-Bright Luh | D23: FRE 2101/3 | E23: 8 | F23: 19 | G23: =SUM(E23:F23) -> 27 | J23: 31 | K23: =SUM(G23:J23) -> 58 | L23: =IF(K23>=80,"A",IF(K23>=70,"B+",IF(K23>=60,"B",IF(K23>=55,"C+",IF(K23>=50,"C",IF(K23>=45,"D+",IF(K23>=40,"D","F"))))))) -> C+ | M23: =IF(K23>=50,"Passed","Failed") -> Passed
A24: =ROW(A13) -> 13 | B24: 337922H | C24: Ndukong Seraphine Mangwang | D24: FRE 2101/8 | E24: 8 | F24: 15 | G24: =SUM(E24:F24) -> 23 | J24: 31 | K24: =SUM(G24:J24) -> 54 | L24: =IF(K24>=80,"A",IF(K24>=70,"B+",IF(K24>=60,"B",IF(K24>=55,"C+",IF(K24>=50,"C",IF(K24>=45,"D+",IF(K24>=40,"D","F"))))))) -> C | M24: =IF(K24>=50,"Passed","Failed") -> Passed
A25: 14 | B25: 341722H | C25: Nformi Christabella | D25: FRE 2101/46 | E25: 8 | F25: 15 | G25: =SUM(E25:F25) -> 23 | J25: 19 | K25: =SUM(G25:J25) -> 42 | L25: =IF(K25>=80,"A",IF(K25>=70,"B+",IF(K25>=60,"B",IF(K25>=55,"C+",IF(K25>=50,"C",IF(K25>=45,"D+",IF(K25>=40,"D","F"))))))) -> D | M25: =IF(K25>=50,"Passed","Failed") -> Failed
A26: =ROW(A15) -> 15 | B26: 347622H | C26: Ngam Hedwig Afumbom | D26: FRE 2101/47 | E26: 8 | F26: 21 | G26: =SUM(E26:F26) -> 29 | J26: 21 | K26: =SUM(G26:J26) -> 50 | L26: =IF(K26>=80,"A",IF(K26>=70,"B+",IF(K26>=60,"B",IF(K26>=55,"C+",IF(K26>=50,"C",IF(K26>=45,"D+",IF(K26>=40,"D","F"))))))) -> C | M26: =IF(K26>=50,"Passed","Failed") -> Passed
A27: =ROW(A16) -> 16 | B27: 329422H | C27: Ngwa Joseph Neba | D27: FRE 2101/20 | E27: 8 | F27: 18 | G27: =SUM(E27:F27) -> 26 | J27: 14 | K27: =SUM(G27:J27) -> 40 | L27: =IF(K27>=80,"A",IF(K27>=70,"B+",IF(K27>=60,"B",IF(K27>=55,"C+",IF(K27>=50,"C",IF(K27>=45,"D+",IF(K27>=40,"D","F"))))))) -> D | M27: =IF(K27>=50,"Passed","Failed") -> Failed
A28: =ROW(A17) -> 17 | B28: 350122H | C28: Nyuydzewira Lorantine Shuka | D28: FRE 2101/16 | E28: 8 | F28: 21 | G28: =SUM(E28:F28) -> 29 | J28: 32 | K28: =SUM(G28:J28) -> 61 | L28: =IF(K28>=80,"A",IF(K28>=70,"B+",IF(K28>=60,"B",IF(K28>=55,"C+",IF(K28>=50,"C",IF(K28>=45,"D+",IF(K28>=40,"D","F"))))))) -> B | M28: =IF(K28>=50,"Passed","Failed") -> Passed
A29: =ROW(A18) -> 18 | B29: 367522H | C29: Samnissi Rawllings Galabe | D29: FRE 2101/2 | G29: =SUM(E29:F29) -> 0 | J29: 11 | K29: =SUM(G29:J29) -> 11 | L29: =IF(K29>=80,"A",IF(K29>=70,"B+",IF(K29>=60,"B",IF(K29>=55,"C+",IF(K29>=50,"C",IF(K29>=45,"D+",IF(K29>=40,"D","F"))))))) -> F | M29: =IF(K29>=50,"Passed","Failed") -> Failed
A30: =ROW(A19) -> 19 | B30: 335622H | C30: Stercy Megan Agbor | D30: FRE 2101/26 | G30: =SUM(E30:F30) -> 0 | J30: 33 | K30: =SUM(G30:J30) -> 33 | L30: =IF(K30>=80,"A",IF(K30>=70,"B+",IF(K30>=60,"B",IF(K30>=55,"C+",IF(K30>=50,"C",IF(K30>=45,"D+",IF(K30>=40,"D","F"))))))) -> F | M30: =IF(K30>=50,"Passed","Failed") -> Failed
A31: =ROW(A20) -> 20 | B31: 347022H | C31: Suzyl Wiyrdzernyuy | D31: FRE 2101/36 | E31: 8 | F31: 30 | G31: =SUM(E31:F31) -> 38 | J31: 27 | K31: =SUM(G31:J31) -> 65 | L31: =IF(K31>=80,"A",IF(K31>=70,"B+",IF(K31>=60,"B",IF(K31>=55,"C+",IF(K31>=50,"C",IF(K31>=45,"D+",IF(K31>=40,"D","F"))))))) -> B | M31: =IF(K31>=50,"Passed","Failed") -> Passed
A32: =ROW(A21) -> 21 | B32: 337222H | C32: Tah Marceline Kemaka | D32: FRE 2101/9 | E32: 8 | F32: 18 | G32: =SUM(E32:F32) -> 26 | J32: 27 | K32: =SUM(G32:J32) -> 53 | L32: =IF(K32>=80,"A",IF(K32>=70,"B+",IF(K32>=60,"B",IF(K32>=55,"C+",IF(K32>=50,"C",IF(K32>=45,"D+",IF(K32>=40,"D","F"))))))) -> C | M32: =IF(K32>=50,"Passed","Failed") -> Passed
A33: =ROW(A22) -> 22 | B33: 344522H | C33: Yirenwie-Mado Favour Munjere | D33: FRE 2101/14 | E33: 8 | F33: 19 | G33: =SUM(E33:F33) -> 27 | J33: 33 | K33: =SUM(G33:J33) -> 60 | L33: =IF(K33>=80,"A",IF(K33>=70,"B+",IF(K33>=60,"B",IF(K33>=55,"C+",IF(K33>=50,"C",IF(K33>=45,"D+",IF(K33>=40,"D","F"))))))) -> B | M33: =IF(K33>=50,"Passed","Failed") -> Passed
A34: =ROW(A23) -> 23 | B34: 334522H | C34: Ntungwen Brian | D34: FRE 2101/31 | E34: 8 | F34: 18 | G34: =SUM(E34:F34) -> 26 | J34: 26 | K34: =SUM(G34:J34) -> 52 | L34: =IF(K34>=80,"A",IF(K34>=70,"B+",IF(K34>=60,"B",IF(K34>=55,"C+",IF(K34>=50,"C",IF(K34>=45,"D+",IF(K34>=40,"D","F"))))))) -> C | M34: =IF(K34>=50,"Passed","Failed") -> Passed
A35: =ROW(A24) -> 24 | B35: 341822H | C35: Ajeakwa Keziah Umenek | D35: FRE 2101/22 | E35: 8 | F35: 16 | G35: =SUM(E35:F35) -> 24 | J35: 16 | K35: =SUM(G35:J35) -> 40 | L35: =IF(K35>=80,"A",IF(K35>=70,"B+",IF(K35>=60,"B",IF(K35>=55,"C+",IF(K35>=50,"C",IF(K35>=45,"D+",IF(K35>=40,"D","F"))))))) -> D | M35: =IF(K35>=50,"Passed","Failed") -> Failed
A36: =ROW(A25) -> 25 | B36: 335722H | C36: Bih Larissa Ngang | D36: FRE 2101/48 | E36: 8 | F36: 20 | G36: =SUM(E36:F36) -> 28 | J36: 34 | K36: =SUM(G36:J36) -> 62 | L36: =IF(K36>=80,"A",IF(K36>=70,"B+",IF(K36>=60,"B",IF(K36>=55,"C+",IF(K36>=50,"C",IF(K36>=45,"D+",IF(K36>=40,"D","F"))))))) -> B | M36: =IF(K36>=50,"Passed","Failed") -> Passed
A37: =ROW(A26) -> 26 | B37: 341522H | C37: Bih Mary-Ann Anchimbom Lainsi | D37: FRE 2101/10 | E37: 8 | F37: 22 | G37: =SUM(E37:F37) -> 30 | J37: 28 | K37: =SUM(G37:J37) -> 58 | L37: =IF(K37>=80,"A",IF(K37>=70,"B+",IF(K37>=60,"B",IF(K37>=55,"C+",IF(K37>=50,"C",IF(K37>=45,"D+",IF(K37>=40,"D","F"))))))) -> C+ | M37: =IF(K37>=50,"Passed","Failed") -> Passed
A38: =ROW(A27) -> 27 | B38: 328522H | C38: Formari Marion Mah | D38: FRE 2101/13 | E38: 8 | F38: 28 | G38: =SUM(E38:F38) -> 36 | J38: 14 | K38: =SUM(G38:J38) -> 50 | L38: =IF(K38>=80,"A",IF(K38>=70,"B+",IF(K38>=60,"B",IF(K38>=55,"C+",IF(K38>=50,"C",IF(K38>=45,"D+",IF(K38>=40,"D","F"))))))) -> C | M38: =IF(K38>=50,"Passed","Failed") -> Passed
A39: =ROW(A28) -> 28 | B39: 341022H | C39: Frou Excel Esepene | D39: FRE 2101/29 | E39: 8 | F39: 18 | G39: =SUM(E39:F39) -> 26 | J39: 24 | K39: =SUM(G39:J39) -> 50 | L39: =IF(K39>=80,"A",IF(K39>=70,"B+",IF(K39>=60,"B",IF(K39>=55,"C+",IF(K39>=50,"C",IF(K39>=45,"D+",IF(K39>=40,"D","F"))))))) -> C | M39: =IF(K39>=50,"Passed","Failed") -> Passed
A40: =ROW(A29) -> 29 | B40: 332422H | C40: Kemeng Marigiselle Nteinmussi | D40: FRE 2101/18 | E40: 8 | F40: 21 | G40: =SUM(E40:F40) -> 29 | J40: 35 | K40: =SUM(G40:J40) -> 64 | L40: =IF(K40>=80,"A",IF(K40>=70,"B+",IF(K40>=60,"B",IF(K40>=55,"C+",IF(K40>=50,"C",IF(K40>=45,"D+",IF(K40>=40,"D","F"))))))) -> B | M40: =IF(K40>=50,"Passed","Failed") -> Passed
A41: =ROW(A30) -> 30 | B41: 331022H | C41: Ndeh Pleasant Ndoh Chrispris | D41: FRE 2101/30 | E41: 8 | F41: 21 | G41: =SUM(E41:F41) -> 29 | J41: 30 | K41: =SUM(G41:J41) -> 59 | L41: =IF(K41>=80,"A",IF(K41>=70,"B+",IF(K41>=60,"B",IF(K41>=55,"C+",IF(K41>=50,"C",IF(K41>=45,"D+",IF(K41>=40,"D","F"))))))) -> C+ | M41: =IF(K41>=50,"Passed","Failed") -> Passed
A42: =ROW(A31) -> 31 | B42: 350022H | C42: Sengla Carlvint | D42: FRE 2101/
A43: =ROW(A32) -> 32 | B43: 407423H | C43: Mala Larissa Awosang | D43: FRE 2101/1 | G43: =SUM(E43:F43) -> 0 | J43: 33 | K43: =SUM(G43:J43) -> 33 | L43: =IF(K43>=80,"A",IF(K43>=70,"B+",IF(K43>=60,"B",IF(K43>=55,"C+",IF(K43>=50,"C",IF(K43>=45,"D+",IF(K43>=40,"D","F"))))))) -> F | M43: =IF(K43>=50,"Passed","Failed") -> Failed
A44: =ROW(A33) -> 33 | B44: 332622H | C44: Akemche Gisele Mange Beri | D44: FRE 2101/28 | E44: 8 | F44: 20 | G44: =SUM(E44:F44) -> 28 | J44: 26 | K44: =SUM(G44:J44) -> 54 | L44: =IF(K44>=80,"A",IF(K44>=70,"B+",IF(K44>=60,"B",IF(K44>=55,"C+",IF(K44>=50,"C",IF(K44>=45,"D+",IF(K44>=40,"D","F"))))))) -> C | M44: =IF(K44>=50,"Passed","Failed") -> Passed
A45: =ROW(A34) -> 34 | B45: 333022H | C45: Akumbom Emmanuel Fuh | D45: FRE 2101/33 | E45: 8 | F45: 15 | G45: =SUM(E45:F45) -> 23 | J45: 23 | K45: =SUM(G45:J45) -> 46 | L45: =IF(K45>=80,"A",IF(K45>=70,"B+",IF(K45>=60,"B",IF(K45>=55,"C+",IF(K45>=50,"C",IF(K45>=45,"D+",IF(K45>=40,"D","F"))))))) -> D+ | M45: =IF(K45>=50,"Passed","Failed") -> Failed
A46: =ROW(A35) -> 35 | B46: 332522H | C46: Chuyekeh Cecilia | D46: FRE 2101/6 | E46: 8 | F46: 25 | G46: =SUM(E46:F46) -> 33 | J46: 35 | K46: =SUM(G46:J46) -> 68 | L46: =IF(K46>=80,"A",IF(K46>=70,"B+",IF(K46>=60,"B",IF(K46>=55,"C+",IF(K46>=50,"C",IF(K46>=45,"D+",IF(K46>=40,"D","F"))))))) -> B | M46: =IF(K46>=50,"Passed","Failed") -> Passed
A47: =ROW(A36) -> 36 | B47: 332722H | C47: Cobbi Christian Cobbi | D47: FRE 2101/39 | E47: 8 | F47: 20 | G47: =SUM(E47:F47) -> 28 | J47: 22 | K47: =SUM(G47:J47) -> 50 | L47: =IF(K47>=80,"A",IF(K47>=70,"B+",IF(K47>=60,"B",IF(K47>=55,"C+",IF(K47>=50,"C",IF(K47>=45,"D+",IF(K47>=40,"D","F"))))))) -> C | M47: =IF(K47>=50,"Passed","Failed") -> Passed
A48: =ROW(A37) -> 37 | B48: 329322H | C48: Cornelius Oprins Anaughese | D48: FRE 2101/28 | E48: 8 | F48: 22 | G48: =SUM(E48:F48) -> 30 | J48: 26 | K48: =SUM(G48:J48) -> 56 | L48: =IF(K48>=80,"A",IF(K48>=70,"B+",IF(K48>=60,"B",IF(K48>=55,"C+",IF(K48>=50,"C",IF(K48>=45,"D+",IF(K48>=40,"D","F"))))))) -> C+ | M48: =IF(K48>=50,"Passed","Failed") -> Passed
A49: =ROW(A38) -> 38 | B49: 338422H | C49: Mbah Joel Nyoh | D49: FRE 2101/19 | E49: 8 | F49: 19 | G49: =SUM(E49:F49) -> 27 | J49: 26 | K49: =SUM(G49:J49) -> 53 | L49: =IF(K49>=80,"A",IF(K49>=70,"B+",IF(K49>=60,"B",IF(K49>=55,"C+",IF(K49>=50,"C",IF(K49>=45,"D+",IF(K49>=40,"D","F"))))))) -> C | M49: =IF(K49>=50,"Passed","Failed") -> Passed
A50: =ROW(A39) -> 39 | B50: 339722H | C50: Neh Oliveline Fru | D50: FRE 2101/43 | E50: 8 | F50: 20 | G50: =SUM(E50:F50) -> 28 | J50: 17 | K50: =SUM(G50:J50) -> 45 | L50: =IF(K50>=80,"A",IF(K50>=70,"B+",IF(K50>=60,"B",IF(K50>=55,"C+",IF(K50>=50,"C",IF(K50>=45,"D+",IF(K50>=40,"D","F"))))))) -> D+ | M50: =IF(K50>=50,"Passed","Failed") -> Failed
A51: =ROW(A40) -> 40 | B51: 330722H | C51: Ngewih Wundoh Cyril | D51: FRE 2101/25 | E51: 8 | F51: 15 | G51: =SUM(E51:F51) -> 23 | J51: 27 | K51: =SUM(G51:J51) -> 50 | L51: =IF(K51>=80,"A",IF(K51>=70,"B+",IF(K51>=60,"B",IF(K51>=55,"C+",IF(K51>=50,"C",IF(K51>=45,"D+",IF(K51>=40,"D","F"))))))) -> C | M51: =IF(K51>=50,"Passed","Failed") -> Passed
A52: =ROW(A41) -> 41 | B52: 354422H | C52: Ngum Courage Anyah | D52: FRE 2101/4 | E52: 8 | F52: 20 | G52: =SUM(E52:F52) -> 28 | J52: 32 | K52: =SUM(G52:J52) -> 60 | L52: =IF(K52>=80,"A",IF(K52>=70,"B+",IF(K52>=60,"B",IF(K52>=55,"C+",IF(K52>=50,"C",IF(K52>=45,"D+",IF(K52>=40,"D","F"))))))) -> B | M52: =IF(K52>=50,"Passed","Failed") -> Passed
A53: =ROW(A42) -> 42 | B53: 344632H | C53: Lum Noela Fru | D53: FRE 2101/35 | E53: 8 | F53: 30 | G53: =SUM(E53:F53) -> 38 | J53: 41 | K53: =SUM(G53:J53) -> 79 | L53: =IF(K53>=80,"A",IF(K53>=70,"B+",IF(K53>=60,"B",IF(K53>=55,"C+",IF(K53>=50,"C",IF(K53>=45,"D+",IF(K53>=40,"D","F"))))))) -> B+ | M53: =IF(K53>=50,"Passed","Failed") -> Passed
A54: =ROW(A43) -> 43 | B54: 330822H | C54: Aisha Oumarou Mohammed | D54: FRE 2101/41 | E54: 8 | F54: 23 | G54: =SUM(E54:F54) -> 31 | J54: 30 | K54: =SUM(G54:J54) -> 61 | L54: =IF(K54>=80,"A",IF(K54>=70,"B+",IF(K54>=60,"B",IF(K54>=55,"C+",IF(K54>=50,"C",IF(K54>=45,"D+",IF(K54>=40,"D","F"))))))) -> B | M54: =IF(K54>=50,"Passed","Failed") -> Passed
A55: =ROW(A44) -> 44 | B55: 330922H | C55: Aishatou Haro | D55: FRE 2101/38 | E55: 8 | F55: 19 | G55: =SUM(E55:F55) -> 27 | J55: 17 | K55: =SUM(G55:J55) -> 44 | L55: =IF(K55>=80,"A",IF(K55>=70,"B+",IF(K55>=60,"B",IF(K55>=55,"C+",IF(K55>=50,"C",IF(K55>=45,"D+",IF(K55>=40,"D","F"))))))) -> D | M55: =IF(K55>=50,"Passed","Failed") -> Failed
A56: =ROW(A45) -> 45 | B56: 334622H | C56: Bih Velda Anye | D56: FRE 2101/42 | E56: 8 | F56: 20 | G56: =SUM(E56:F56) -> 28 | J56: 16 | K56: =SUM(G56:J56) -> 44 | L56: =IF(K56>=80,"A",IF(K56>=70,"B+",IF(K56>=60,"B",IF(K56>=55,"C+",IF(K56>=50,"C",IF(K56>=45,"D+",IF(K56>=40,"D","F"))))))) -> D | M56: =IF(K56>=50,"Passed","Failed") -> Failed
A57: =ROW(A46) -> 46 | B57: 339622H | C57: Bunjoh Joel Wango | D57: FRE 2101/ | E57: 8 | F57: 15 | G57: =SUM(E57:F57) -> 23 | J57: ABS
A58: =ROW(A47) -> 47 | B58: 334422H | C58: Fombutu Delvis Ntungwen | D58: FRE 2101/ | E58: 8 | F58: 14 | G58: =SUM(E58:F58) -> 22 | J58: ABS
A59: =ROW(A48) -> 48 | B59: 332222H | C59: Ndeh Fru Vianney | D59: FRE 2101/ | E59: 8 | F59: 16 | G59: =SUM(E59:F59) -> 24 | J59: ABS
A60: =ROW(A49) -> 49 | B60: 335422H | C60: Ngong Tracy Tevu | D60: FRE 2101/24 | E60: 8 | F60: 18 | G60: =SUM(E60:F60) -> 26 | J60: 33 | K60: =SUM(G60:J60) -> 59 | L60: =IF(K60>=80,"A",IF(K60>=70,"B+",IF(K60>=60,"B",IF(K60>=55,"C+",IF(K60>=50,"C",IF(K60>=45,"D+",IF(K60>=40,"D","F"))))))) -> C+ | M60: =IF(K60>=50,"Passed","Failed") -> Passed
A61: =ROW(A50) -> 50 | B61: 348922H | C61: Nyamangong Antoinette Bohbo | D61: FRE 2101/23 | E61: 8 | F61: 17 | G61: =SUM(E61:F61) -> 25 | J61: 25 | K61: =SUM(G61:J61) -> 50 | L61: =IF(K61>=80,"A",IF(K61>=70,"B+",IF(K61>=60,"B",IF(K61>=55,"C+",IF(K61>=50,"C",IF(K61>=45,"D+",IF(K61>=40,"D","F"))))))) -> C | M61: =IF(K61>=50,"Passed","Failed") -> Passed
A62: =ROW(A51) -> 51 | B62: 335322H | C62: Pumah Victory Awa | D62: FRE 2101/40 | E62: 8 | F62: 19 | G62: =SUM(E62:F62) -> 27 | J62: 24 | K62: =SUM(G62:J62) -> 51 | L62: =IF(K62>=80,"A",IF(K62>=70,"B+",IF(K62>=60,"B",IF(K62>=55,"C+",IF(K62>=50,"C",IF(K62>=45,"D+",IF(K62>=40,"D","F"))))))) -> C | M62: =IF(K62>=50,"Passed","Failed") -> Passed
A63: =ROW(A52) -> 52 | B63: 352822H | C63: Sherene Singkeh Nganji | D63: FRE 2101/45 | E63: 8 | F63: 15 | G63: =SUM(E63:F63) -> 23 | J63: 30 | K63: =SUM(G63:J63) -> 53 | L63: =IF(K63>=80,"A",IF(K63>=70,"B+",IF(K63>=60,"B",IF(K63>=55,"C+",IF(K63>=50,"C",IF(K63>=45,"D+",IF(K63>=40,"D","F"))))))) -> C | M63: =IF(K63>=50,"Passed","Failed") -> Passed
A64: =ROW(A53) -> 53 | B64: 345022H | C64: Tebong Theodora Engonwei | D64: FRE 2101/7 | E64: 8 | F64: 23 | G64: =SUM(E64:F64) -> 31 | J64: 26 | K64: =SUM(G64:J64) -> 57 | L64: =IF(K64>=80,"A",IF(K64>=70,"B+",IF(K64>=60,"B",IF(K64>=55,"C+",IF(K64>=50,"C",IF(K64>=45,"D+",IF(K64>=40,"D","F"))))))) -> C+ | M64: =IF(K64>=50,"Passed","Failed") -> Passed
A65: =ROW(A54) -> 54 | B65: 352922H | C65: Zaliatou Yeba | D65: FRE 2101/5 | E65: 8 | F65: 15 | G65: =SUM(E65:F65) -> 23 | J65: 31 | K65: =SUM(G65:J65) -> 54 | L65: =IF(K65>=80,"A",IF(K65>=70,"B+",IF(K65>=60,"B",IF(K65>=55,"C+",IF(K65>=50,"C",IF(K65>=45,"D+",IF(K65>=40,"D","F"))))))) -> C | M65: =IF(K65>=50,"Passed","Failed") -> Passed
A69: Catholic University of Cameroon, CATUC, Bamenda
A70: Faculty of business & Management Sciences-HND
A71: First Semester Exam 2023-2024
A72: Department: | B72: Common course
A73: Course Code | B73: ENG 2101H
A74: Course Title | B74: Functional English III
A75: Credit Value | B75: 2
A76: Lecturer | B76: Dr. Ngie Florence
A77: Level: 2 | B77: HND/FBMS 2
A78: S/N | L78: Grades | M78: Remarks | N78: STATISTICS
A79: Common Course | B79: MAT. NO | C79: NAME | D79: Exam Codes | E79: Att/10 | F79: CA/30 | G79: Tot/40 | H79: sign in | I79: sign out | J79: Exam/60 | K79: Total/100 | N79: No. Registered | O79: =COUNT(G81:G134) -> 50
N80: No. Examined | O80: =COUNT(J81:J134) -> 48
A81: =ROW(A1) -> 1 | B81: 338222H | C81: Abdou Ziena Madinatou | D81: ENG 2101H/13 | E81: 10 | F81: 21 | G81: =SUM(E81:F81) -> 31 | J81: 26 | K81: =SUM(G81:J81) -> 57 | L81: =IF(K81>=80,"A",IF(K81>=70,"B+",IF(K81>=60,"B",IF(K81>=55,"C+",IF(K81>=50,"C",IF(K81>=45,"D+",IF(K81>=40,"D","F"))))))) -> C+ | M81: =IF(K81>=50,"Passed","Failed") -> Passed | N81: No . ABS | O81: =O79-O80 -> 2
A82: =ROW(A2) -> 2 | B82: 330322H | C82: Acha Victory Nweyeh-kah | D82: ENG 2101H/43 | E82: 10 | F82: 23 | G82: =SUM(E82:F82) -> 33 | J82: 30 | K82: =SUM(G82:J82) -> 63 | L82: =IF(K82>=80,"A",IF(K82>=70,"B+",IF(K82>=60,"B",IF(K82>=55,"C+",IF(K82>=50,"C",IF(K82>=45,"D+",IF(K82>=40,"D","F"))))))) -> B | M82: =IF(K82>=50,"Passed","Failed") -> Passed | N82: No. Passed | O82: =COUNTIF(M81:M134,"Passed") -> 46
A83: =ROW(A3) -> 3 | B83: 340822H | C83: Akang Courage Bi | D83: ENG 2101H/7 | E83: 10 | F83: 19 | G83: =SUM(E83:F83) -> 29 | J83: 53 | K83: =SUM(G83:J83) -> 82 | L83: =IF(K83>=80,"A",IF(K83>=70,"B+",IF(K83>=60,"B",IF(K83>=55,"C+",IF(K83>=50,"C",IF(K83>=45,"D+",IF(K83>=40,"D","F"))))))) -> A | M83: =IF(K83>=50,"Passed","Failed") -> Passed | N83: % Pass | O83: =O82/O80% -> 95.833333
A84: =ROW(A4) -> 4 | B84: 340922H | C84: Awah Priddy Mboh-Ngeh | D84: ENG 2101H/18 | E84: 7.5 | F84: 24 | G84: =SUM(E84:F84) -> 31.5 | J84: 36 | K84: =SUM(G84:J84) -> 67.5 | L84: =IF(K84>=80,"A",IF(K84>=70,"B+",IF(K84>=60,"B",IF(K84>=55,"C+",IF(K84>=50,"C",IF(K84>=45,"D+",IF(K84>=40,"D","F"))))))) -> B | M84: =IF(K84>=50,"Passed","Failed") -> Passed | N84: No. Failed | O84: =COUNTIF(M81:M134,"failed") -> 2
A85: =ROW(A5) -> 5 | B85: 330522H | C85: Bin Abigael Nwa | D85: ENG 2101H/26 | E85: 10 | F85: 24 | G85: =SUM(E85:F85) -> 34 | J85: 30 | K85: =SUM(G85:J85) -> 64 | L85: =IF(K85>=80,"A",IF(K85>=70,"B+",IF(K85>=60,"B",IF(K85>=55,"C+",IF(K85>=50,"C",IF(K85>=45,"D+",IF(K85>=40,"D","F"))))))) -> B | M85: =IF(K85>=50,"Passed","Failed") -> Passed | N85: % Failed | O85: =O84/O80% -> 4.1666667
A86: =ROW(A6) -> 6 | B86: 337322H | C86: Famah Shamah Nfor | D86: ENG 2101H/14 | E86: 10 | F86: 22 | G86: =SUM(E86:F86) -> 32 | J86: 51 | K86: =SUM(G86:J86) -> 83 | L86: =IF(K86>=80,"A",IF(K86>=70,"B+",IF(K86>=60,"B",IF(K86>=55,"C+",IF(K86>=50,"C",IF(K86>=45,"D+",IF(K86>=40,"D","F"))))))) -> A | M86: =IF(K86>=50,"Passed","Failed") -> Passed | N86: Course Average | O86: =AVERAGE(K81:K134) -> 68.041667
A87: =ROW(A7) -> 7 | B87: 360022H | C87: Favour Bongnavti Aloni | D87: ENG 2101H/
A88: =ROW(A8) -> 8 | B88: 345122H | C88: Fri Jenifer Chick | D88: ENG 2101H/34 | E88: 10 | F88: 23 | G88: =SUM(E88:F88) -> 33 | J88: 23 | K88: =SUM(G88:J88) -> 56 | L88: =IF(K88>=80,"A",IF(K88>=70,"B+",IF(K88>=60,"B",IF(K88>=55,"C+",IF(K88>=50,"C",IF(K88>=45,"D+",IF(K88>=40,"D","F"))))))) -> C+ | M88: =IF(K88>=50,"Passed","Failed") -> Passed
A89: =ROW(A9) -> 9 | B89: 329522H | C89: Hawa Amira Ibrahim | D89: ENG 2101H/40 | E89: 9 | F89: 21 | G89: =SUM(E89:F89) -> 30 | J89: 50 | K89: =SUM(G89:J89) -> 80 | L89: =IF(K89>=80,"A",IF(K89>=70,"B+",IF(K89>=60,"B",IF(K89>=55,"C+",IF(K89>=50,"C",IF(K89>=45,"D+",IF(K89>=40,"D","F"))))))) -> A | M89: =IF(K89>=50,"Passed","Failed") -> Passed
A90: =ROW(A10) -> 10 | B90: 352522H | C90: Mbuya Excel Ngeh | D90: ENG 2101H/2 | E90: 8 | F90: 17 | G90: =SUM(E90:F90) -> 25 | J90: 26 | K90: =SUM(G90:J90) -> 51 | L90: =IF(K90>=80,"A",IF(K90>=70,"B+",IF(K90>=60,"B",IF(K90>=55,"C+",IF(K90>=50,"C",IF(K90>=45,"D+",IF(K90>=40,"D","F"))))))) -> C | M90: =IF(K90>=50,"Passed","Failed") -> Passed | O90: A | P90: B+ | Q90: B | R90: C+ | S90: C | T90: D+ | U90: D | V90: F
A91: =ROW(A11) -> 11 | B91: 320021H | C91: Muna Beltus | D91: ENG 2101H/ | O91: =COUNTIF(L81:L134,"A") -> 7 | P91: =COUNTIF(L81:L134,"B+") -> 13 | Q91: =COUNTIF(L81:L134,"B") -> 19 | R91: =COUNTIF(L81:L134,"C+") -> 5 | S91: =COUNTIF(L81:L134,"C") -> 2 | T91: =COUNTIF(L81:L134,"D+") -> 1 | U91: =COUNTIF(L81:L134,"D") -> 1 | V91: =COUNTIF(L81:L134,"F") -> 0
A92: =ROW(A12) -> 12 | B92: 330422H | C92: Nde Cindy-Bright Luh | D92: ENG 2101H/9 | E92: 8 | F92: 21 | G92: =SUM(E92:F92) -> 29 | J92: 35 | K92: =SUM(G92:J92) -> 64 | L92: =IF(K92>=80,"A",IF(K92>=70,"B+",IF(K92>=60,"B",IF(K92>=55,"C+",IF(K92>=50,"C",IF(K92>=45,"D+",IF(K92>=40,"D","F"))))))) -> B | M92: =IF(K92>=50,"Passed","Failed") -> Passed
A93: =ROW(A13) -> 13 | B93: 337922H | C93: Ndukong Seraphine Mangwang | D93: ENG 2101H/5 | E93: 9 | F93: 21 | G93: =SUM(E93:F93) -> 30 | J93: 45 | K93: =SUM(G93:J93) -> 75 | L93: =IF(K93>=80,"A",IF(K93>=70,"B+",IF(K93>=60,"B",IF(K93>=55,"C+",IF(K93>=50,"C",IF(K93>=45,"D+",IF(K93>=40,"D","F"))))))) -> B+ | M93: =IF(K93>=50,"Passed","Failed") -> Passed
A94: =ROW(A14) -> 14 | B94: 341722H | C94: Nformi Christabella | D94: ENG 2101H/30 | E94: 10 | F94: 9 | G94: =SUM(E94:F94) -> 19 | J94: 28 | K94: =SUM(G94:J94) -> 47 | L94: =IF(K94>=80,"A",IF(K94>=70,"B+",IF(K94>=60,"B",IF(K94>=55,"C+",IF(K94>=50,"C",IF(K94>=45,"D+",IF(K94>=40,"D","F"))))))) -> D+ | M94: =IF(K94>=50,"Passed","Failed") -> Failed
A95: =ROW(A15) -> 15 | B95: 347622H | C95: Ngam Hedwig Afumbom | D95: ENG 2101H/41 | E95: 9 | F95: 24 | G95: =SUM(E95:F95) -> 33 | J95: 43 | K95: =SUM(G95:J95) -> 76 | L95: =IF(K95>=80,"A",IF(K95>=70,"B+",IF(K95>=60,"B",IF(K95>=55,"C+",IF(K95>=50,"C",IF(K95>=45,"D+",IF(K95>=40,"D","F"))))))) -> B+ | M95: =IF(K95>=50,"Passed","Failed") -> Passed
A96: =ROW(A16) -> 16 | B96: 329422H | C96: Ngwa Joseph Neba | D96: ENG 2101H/16 | E96: 10 | F96: 22 | G96: =SUM(E96:F96) -> 32 | J96: 32 | K96: =SUM(G96:J96) -> 64 | L96: =IF(K96>=80,"A",IF(K96>=70,"B+",IF(K96>=60,"B",IF(K96>=55,"C+",IF(K96>=50,"C",IF(K96>=45,"D+",IF(K96>=40,"D","F"))))))) -> B | M96: =IF(K96>=50,"Passed","Failed") -> Passed
A97: =ROW(A17) -> 17 | B97: 350122H | C97: Nyuydzewira Lorantine Shuka | D97: ENG 2101H/8 | E97: 10 | F97: 24 | G97: =SUM(E97:F97) -> 34 | J97: 38 | K97: =SUM(G97:J97) -> 72 | L97: =IF(K97>=80,"A",IF(K97>=70,"B+",IF(K97>=60,"B",IF(K97>=55,"C+",IF(K97>=50,"C",IF(K97>=45,"D+",IF(K97>=40,"D","F"))))))) -> B+ | M97: =IF(K97>=50,"Passed","Failed") -> Passed
A98: =ROW(A18) -> 18 | B98: 367522H | C98: Samnissi Rawllings Galabe | D98: ENG 2101H/46 | E98: 7.5 | F98: 24 | G98: =SUM(E98:F98) -> 31.5 | J98: 29 | K98: =SUM(G98:J98) -> 60.5 | L98: =IF(K98>=80,"A",IF(K98>=70,"B+",IF(K98>=60,"B",IF(K98>=55,"C+",IF(K98>=50,"C",IF(K98>=45,"D+",IF(K98>=40,"D","F"))))))) -> B | M98: =IF(K98>=50,"Passed","Failed") -> Passed
A99: =ROW(A19) -> 19 | B99: 335622H | C99: Stercy Megan Agbor | D99: ENG 2101H/47 | E99: 7.5 | F99: 22 | G99: =SUM(E99:F99) -> 29.5 | J99: 34 | K99: =SUM(G99:J99) -> 63.5 | L99: =IF(K99>=80,"A",IF(K99>=70,"B+",IF(K99>=60,"B",IF(K99>=55,"C+",IF(K99>=50,"C",IF(K99>=45,"D+",IF(K99>=40,"D","F"))))))) -> B | M99: =IF(K99>=50,"Passed","Failed") -> Passed
A100: =ROW(A20) -> 20 | B100: 347022H | C100: Suzyl Wiyrdzernyuy | D100: ENG 2101H/4 | E100: 10 | F100: 20 | G100: =SUM(E100:F100) -> 30 | J100: 33 | K100: =SUM(G100:J100) -> 63 | L100: =IF(K100>=80,"A",IF(K100>=70,"B+",IF(K100>=60,"B",IF(K100>=55,"C+",IF(K100>=50,"C",IF(K100>=45,"D+",IF(K100>=40,"D","F"))))))) -> B | M100: =IF(K100>=50,"Passed","Failed") -> Passed
A101: =ROW(A21) -> 21 | B101: 337222H | C101: Tah Marceline Kemaka | D101: ENG 2101H/1 | E101: 10 | F101: 21 | G101: =SUM(E101:F101) -> 31 | J101: 35 | K101: =SUM(G101:J101) -> 66 | L101: =IF(K101>=80,"A",IF(K101>=70,"B+",IF(K101>=60,"B",IF(K101>=55,"C+",IF(K101>=50,"C",IF(K101>=45,"D+",IF(K101>=40,"D","F"))))))) -> B | M101: =IF(K101>=50,"Passed","Failed") -> Passed
A102: =ROW(A22) -> 22 | B102: 344522H | C102: Yirenwie-Mado Favour Munjere | D102: ENG 2101H/28 | E102: 8 | F102: 23 | G102: =SUM(E102:F102) -> 31 | J102: 43 | K102: =SUM(G102:J102) -> 74 | L102: =IF(K102>=80,"A",IF(K102>=70,"B+",IF(K102>=60,"B",IF(K102>=55,"C+",IF(K102>=50,"C",IF(K102>=45,"D+",IF(K102>=40,"D","F"))))))) -> B+ | M102: =IF(K102>=50,"Passed","Failed") -> Passed
A103: =ROW(A23) -> 23 | B103: 334522H | C103: Ntungwen Brian | D103: ENG 2101H/20 | E103: 10 | F103: 20 | G103: =SUM(E103:F103) -> 30 | J103: 29 | K103: =SUM(G103:J103) -> 59 | L103: =IF(K103>=80,"A",IF(K103>=70,"B+",IF(K103>=60,"B",IF(K103>=55,"C+",IF(K103>=50,"C",IF(K103>=45,"D+",IF(K103>=40,"D","F"))))))) -> C+ | M103: =IF(K103>=50,"Passed","Failed") -> Passed
...

Sheet Sheet1
C1: CATHOLIC UNIVERSITY OF CAMEROON (CATUC), BAMENDA
A3: SCHOOL/ FACULTY: FACULTY OF SCIENCE | C3: BUSINESS AND MANAGEMENT SCIENCES | L3: COMMON COURSES
L4: SEMESTER: FIRST SEMESTER
A5: HND | L5: SCHOOL YEAR: 2023/2024
C7: FREQUENCY DISTRIBUTION PERFORMANCES OF STUDENTS
A8: SN | B8: COURSE CODE | C8: COURSE TITLE | D8: CV | E8: ST | F8: LECTURERS | G8: % CC | H8: NUMBER | L8: % PASS | M8: % FAIL | N8: NUMBER
H9: CR | I9: CE | J9: PASS | K9: FAIL | N9: A | O9: B+ | P9: B | Q9: C+ | R9: C | S9: D+ | T9: D | U9: F
A10: 1 | B10: ='[1]level one'!$C$94 -> INS1101H | C10: ='[1]level one'!$C$95 -> Principles of Insurance | D10: ='[1]level one'!$C$96 -> 3 | E10: C | F10: Mme. Lukong Claris | H10: ='FBMS-HND LEVEL ONE'!$O$163 -> 54 | I10: ='FBMS-HND LEVEL ONE'!$O$164 -> 54 | J10: ='FBMS-HND LEVEL ONE'!$O$166 -> 40 | K10: ='FBMS-HND LEVEL ONE'!$O$168 -> 14 | L10: ='FBMS-HND LEVEL ONE'!$O$167 -> 74.074074 | M10: =K10/I10*100 -> 25.925926 | N10: ='FBMS-HND LEVEL ONE'!O175 -> 1 | O10: ='FBMS-HND LEVEL ONE'!P175 -> 6 | P10: ='FBMS-HND LEVEL ONE'!Q175 -> 14 | Q10: ='FBMS-HND LEVEL ONE'!R175 -> 6 | R10: ='FBMS-HND LEVEL ONE'!S175 -> 13 | S10: ='FBMS-HND LEVEL ONE'!T175 -> 3 | T10: ='FBMS-HND LEVEL ONE'!U175 -> 3 | U10: ='FBMS-HND LEVEL ONE'!V175 -> 8 | V10: =SUM(N10:U10) -> 54
A11: 2 | B11: ='[1]level one'!$C$296 -> ENG1101H | C11: ='[1]level one'!$C$297 -> Functional English I | D11: ='[1]level one'!$C$298 -> 2 | E11: C | F11: ='[1]level one'!$C$299 -> Dr Ngie Florence | H11: 150 | I11: 145 | J11: 144 | K11: 1 | L11: =J11/I11*100 -> 99.310345 | M11: =K11/I11*100 -> 0.68965517 | N11: 3 | O11: 50 | P11: 60 | Q11: 20 | R11: 11 | S11: 1 | T11: 0 | U11: 0 | V11: =SUM(N11:U11) -> 145
A12: 3 | B12: ='[1]level one'!$C$511 -> FRE1101H | C12: ='[1]level one'!$C$512 -> Functional French I | D12: ='[1]level one'!$C$513 -> 2 | E12: C | F12: Dr.Ngoran George | H12: ='FBMS-HND LEVEL ONE'!$O$745 -> 54 | I12: ='FBMS-HND LEVEL ONE'!$O$746 -> 54 | J12: ='FBMS-HND LEVEL ONE'!$O$748 -> 40 | K12: ='FBMS-HND LEVEL ONE'!$O$750 -> 14 | L12: =J12/I12*100 -> 74.074074 | M12: =K12/I12*100 -> 25.925926 | N12: ='FBMS-HND LEVEL ONE'!O758 -> 0 | O12: ='FBMS-HND LEVEL ONE'!P758 -> 9 | P12: ='FBMS-HND LEVEL ONE'!Q758 -> 22 | Q12: ='FBMS-HND LEVEL ONE'!R758 -> 2 | R12: ='FBMS-HND LEVEL ONE'!S758 -> 7 | S12: ='FBMS-HND LEVEL ONE'!T758 -> 3 | T12: ='FBMS-HND LEVEL ONE'!U758 -> 5 | U12: ='FBMS-HND LEVEL ONE'!V758 -> 6 | V12: =SUM(N12:U12) -> 54
A13: 4 | B13: ='[1]level two'!$C$4 -> FRE 2101H | C13: ='[1]level two'!$C$5 -> Functional French III | D13: ='[1]level two'!$C$6 -> 2 | E13: C | F13: Dr.Ngoran George | H13: ='FBMS-HND LEVEL TWO'!$O$10 -> 51 | I13: ='FBMS-HND LEVEL TWO'!$O$11 -> 48 | J13: ='FBMS-HND LEVEL TWO'!$O$13 -> 37 | K13: ='FBMS-HND LEVEL TWO'!$O$15 -> 11 | L13: =J13/I13*100 -> 77.083333 | M13: =K13/I13*100 -> 22.916667 | N13: ='FBMS-HND LEVEL TWO'!O22 -> 0 | O13: ='FBMS-HND LEVEL TWO'!P22 -> 2 | P13: ='FBMS-HND LEVEL TWO'!Q22 -> 9 | Q13: ='FBMS-HND LEVEL TWO'!R22 -> 9 | R13: ='FBMS-HND LEVEL TWO'!S22 -> 17 | S13: ='FBMS-HND LEVEL TWO'!T22 -> 2 | T13: ='FBMS-HND LEVEL TWO'!U22 -> 5 | U13: ='FBMS-HND LEVEL TWO'!V22 -> 4 | V13: =SUM(N13:U13) -> 48
A14: 5 | B14: ='[1]level two'!$C$36 -> ENG 2101H | C14: ='[1]level two'!$C$37 -> Functional English III | D14: ='[1]level two'!$C$38 -> 2 | E14: C | F14: ='[1]level two'!$C$39 -> Dr. Ngie Florence | H14: ='FBMS-HND LEVEL TWO'!$O$79 -> 50 | I14: ='FBMS-HND LEVEL TWO'!$O$80 -> 48 | J14: ='FBMS-HND LEVEL TWO'!$O$82 -> 46 | K14: ='FBMS-HND LEVEL TWO'!$O$84 -> 2 | L14: =J14/I14*100 -> 95.833333 | M14: =K14/I14*100 -> 4.1666667 | N14: ='FBMS-HND LEVEL TWO'!O91 -> 7 | O14: ='FBMS-HND LEVEL TWO'!P91 -> 13 | P14: ='FBMS-HND LEVEL TWO'!Q91 -> 19 | Q14: ='FBMS-HND LEVEL TWO'!R91 -> 5 | R14: ='FBMS-HND LEVEL TWO'!S91 -> 2 | S14: ='FBMS-HND LEVEL TWO'!T91 -> 1 | T14: ='FBMS-HND LEVEL TWO'!U91 -> 1 | U14: ='FBMS-HND LEVEL TWO'!V91 -> 0 | V14: =SUM(N14:U14) -> 48
A15: 6 | B15: ='[1]level two'!$C$141 -> COM 2101H | C15: ='[1]level two'!$C$142 -> Computer Science | D15: ='[1]level two'!$C$143 -> 2 | E15: C | F15: ='FBMS-HND LEVEL TWO'!$B$291 -> Mr.Nkeng Blaise | H15: ='FBMS-HND LEVEL TWO'!$O$295 -> 50 | I15: ='FBMS-HND LEVEL TWO'!$O$296 -> 49 | J15: ='FBMS-HND LEVEL TWO'!$O$298 -> 42 | K15: ='FBMS-HND LEVEL TWO'!$O$300 -> 7 | L15: =J15/I15*100 -> 85.714286 | M15: =K15/I15*100 -> 14.285714 | N15: ='FBMS-HND LEVEL TWO'!O307 -> 2 | O15: ='FBMS-HND LEVEL TWO'!P307 -> 5 | P15: ='FBMS-HND LEVEL TWO'!Q307 -> 16 | Q15: ='FBMS-HND LEVEL TWO'!R307 -> 9 | R15: ='FBMS-HND LEVEL TWO'!S307 -> 10 | S15: ='FBMS-HND LEVEL TWO'!T307 -> 2 | T15: ='FBMS-HND LEVEL TWO'!U307 -> 0 | U15: ='FBMS-HND LEVEL TWO'!V307 -> 5 | V15: =SUM(N15:U15) -> 49
B16: MGT 2207H | C16: Enterprise Creation and Entrepreneurship | D16: 3 | E16: C | F16: Dr. Wirsy Leonard | H16: ='FBMS-HND LEVEL TWO'!$O$574 -> 49 | I16: ='FBMS-HND LEVEL TWO'!$O$575 -> 49 | J16: ='FBMS-HND LEVEL TWO'!$O$577 -> 45 | K16: ='FBMS-HND LEVEL TWO'!$O$579 -> 4 | L16: =J16/I16*100 -> 91.836735 | M16: =K16/I16*100 -> 8.1632653 | N16: ='FBMS-HND LEVEL TWO'!$O$584 -> 0 | O16: ='FBMS-HND LEVEL TWO'!$O$585 -> A | P16: ='FBMS-HND LEVEL TWO'!$O$586 -> 20 | Q16: ='FBMS-HND LEVEL TWO'!$O$587 -> 0 | R16: ='FBMS-HND LEVEL TWO'!$O$588 -> 0 | S16: ='FBMS-HND LEVEL TWO'!$O$589 -> 0 | T16: ='FBMS-HND LEVEL TWO'!$O$590 -> 0 | U16: ='FBMS-HND LEVEL TWO'!$O$591 -> 0
C17: TOTAL/ AVERAGE | H17: =SUM(H10:H15) -> 409 | I17: =SUM(I10:I15) -> 398 | J17: =SUM(J10:J15) -> 349 | K17: =SUM(K10:K15) -> 49 | L17: =J17/I17*100 -> 87.688442 | M17: =K17/I17*100 -> 12.311558 | N17: =SUM(N10:N15) -> 13 | O17: =SUM(O10:O15) -> 85 | P17: =SUM(P10:P15) -> 140 | Q17: =SUM(Q10:Q15) -> 51 | R17: =SUM(R10:R15) -> 60 | S17: =SUM(S10:S15) -> 12 | T17: =SUM(T10:T15) -> 14 | U17: =SUM(U10:U15) -> 23 | V17: =SUM(N17:U17) -> 398
B18: CV = Credit Value; ST = Status (C = Compulsory; E = Elective); CR = Candidates Registered; CE = Candidates Examined; % CC = Course Coverage; The % Pass is based on CE (Candidates who completed the course by writing the final examination.
B20: Number of Marked Scripts: | D20: =$I$17 -> 398 | I20: Number of Failed Scripts | N20: =$K$17 -> 49
B22: Number of Passed Scripts | D22: =$J$17 -> 349
I23: Success Rate | M23: =$L$17 -> 87.688442
A24: Lecturers:
C26: =$F$10 -> Mme. Lukong Claris | F26: =$F$12 -> Dr.Ngoran George | K26: =$F$11 -> Dr Ngie Florence | P26: =$F$15 -> Mr.Nkeng Blaise
C30: Sr. Elizabeth Ankiambom | E30: Dr. | F30: Achiri Mongo Eric
C31: HND Cordinator | F31: Dean-FBMS-HND
C44: CATHOLIC UNIVERSITY OF CAMEROON (CATUC), BAMENDA
A46: SCHOOL/ FACULTY: FACULTY OF SCIENCE | C46: BUSINESS AND MANAGEMENT SCIENCES | L46: DEPARTMENT: ACCOUNTING
L47: SEMESTER: FIRST SEMESTER
A48: HND | L48: SCHOOL YEAR: 2023/2024
C50: FREQUENCY DISTRIBUTION PERFORMANCES OF STUDENTS
A51: SN | B51: COURSE CODE | C51: COURSE TITLE | D51: CV | E51: ST | F51: LECTURERS | G51: % CC | H51: NUMBER | L51: % PASS | M51: % FAIL | N51: NUMBER
H52: CR | I52: CE | J52: PASS | K52: FAIL | N52: A | O52: B+ | P52: B | Q52: C+ | R52: C | S52: D+ | T52: D | U52: F
A53: 1 | B53: ='[1]level one'!$C$402 -> ACC1102H | C53: ='[1]level one'!$C$403 -> OHADA Financial Accounting I | D53: 3 | E53: C | F53: Mr.Ngondo Charles | H53: ='FBMS-HND LEVEL ONE'!$O$599 -> 54 | I53: ='FBMS-HND LEVEL ONE'!$O$600 -> 54 | J53: ='FBMS-HND LEVEL ONE'!$O$602 -> 50 | K53: ='FBMS-HND LEVEL ONE'!$O$604 -> 4 | L53: =J53/I53*100 -> 92.592593 | M53: =K53/I53*100 -> 7.4074074 | N53: ='FBMS-HND LEVEL ONE'!O612 -> 3 | O53: ='FBMS-HND LEVEL ONE'!P612 -> 12 | P53: ='FBMS-HND LEVEL ONE'!Q612 -> 23 | Q53: ='FBMS-HND LEVEL ONE'!R612 -> 5 | R53: ='FBMS-HND LEVEL ONE'!S612 -> 7 | S53: ='FBMS-HND LEVEL ONE'!T612 -> 1 | T53: ='FBMS-HND LEVEL ONE'!U612 -> 2 | U53: ='FBMS-HND LEVEL ONE'!V612 -> 1 | V53: =SUM(N53:U53) -> 54
A54: 2 | B54: ACC1105H | C54: ='[1]level one'!$C$458 -> Principles of Taxation | D54: ='[1]level one'!$C$459 -> 3 | E54: C | F54: ='[1]level one'!$C$460 -> Mr Youopouo Maurice | H54: ='FBMS-HND LEVEL ONE'!$O$670 -> 54 | I54: ='FBMS-HND LEVEL ONE'!$O$671 -> 54 | J54: ='FBMS-HND LEVEL ONE'!$O$673 -> 39 | K54: ='FBMS-HND LEVEL ONE'!$O$675 -> 15 | L54: =J54/I54*100 -> 72.222222 | M54: =K54/I54*100 -> 27.777778 | N54: ='FBMS-HND LEVEL ONE'!O682 -> 3 | O54: ='FBMS-HND LEVEL ONE'!P682 -> 9 | P54: ='FBMS-HND LEVEL ONE'!Q682 -> 12 | Q54: ='FBMS-HND LEVEL ONE'!R682 -> 8 | R54: ='FBMS-HND LEVEL ONE'!S682 -> 7 | S54: ='FBMS-HND LEVEL ONE'!T682 -> 0 | T54: ='FBMS-HND LEVEL ONE'!U682 -> 1 | U54: ='FBMS-HND LEVEL ONE'!V682 -> 14 | V54: =SUM(N54:U54) -> 54
A55: 3 | B55: ='[1]level one'!$C$563 -> ACC1101H | C55: ='[1]level one'!$C$564 -> Principles of Accounting | D55: ='[1]level one'!$C$565 -> 3 | E55: C | F55: Mr Nzebir chrysantus | H55: ='FBMS-HND LEVEL ONE'!$O$813 -> 56 | I55: ='FBMS-HND LEVEL ONE'!$O$814 -> 55 | J55: ='FBMS-HND LEVEL ONE'!$O$816 -> 41 | K55: ='FBMS-HND LEVEL ONE'!$O$818 -> 14 | L55: =J55/I55*100 -> 74.545455 | M55: =K55/I55*100 -> 25.454545 | N55: ='FBMS-HND LEVEL ONE'!O826 -> 9 | O55: ='FBMS-HND LEVEL ONE'!P826 -> 14 | P55: ='FBMS-HND LEVEL ONE'!Q826 -> 7 | Q55: ='FBMS-HND LEVEL ONE'!R826 -> 4 | R55: ='FBMS-HND LEVEL ONE'!S826 -> 7 | S55: ='FBMS-HND LEVEL ONE'!T826 -> 2 | T55: ='FBMS-HND LEVEL ONE'!U826 -> 3 | U55: ='FBMS-HND LEVEL ONE'!V826 -> 9 | V55: =SUM(N55:U55) -> 55
A56: 4 | B56: ='[1]level two'!$C$104 -> ACC 2103H | C56: ='[1]level two'!$C$105 -> Cost & Management Accounting II | D56: ='[1]level two'!$C$106 -> 3 | E56: C | F56: Mr.Shiyghan Chrysanctus | H56: ='FBMS-HND LEVEL TWO'!$O$221 -> 50 | I56: ='FBMS-HND LEVEL TWO'!$O$222 -> 49 | J56: ='FBMS-HND LEVEL TWO'!$O$224 -> 39 | K56: ='FBMS-HND LEVEL TWO'!$O$226 -> 10 | L56: =J56/I56*100 -> 79.591837 | M56: =K56/I56*100 -> 20.408163 | N56: ='FBMS-HND LEVEL TWO'!O233 -> 9 | O56: ='FBMS-HND LEVEL TWO'!P233 -> 4 | P56: ='FBMS-HND LEVEL TWO'!Q233 -> 19 | Q56: ='FBMS-HND LEVEL TWO'!R233 -> 2 | R56: ='FBMS-HND LEVEL TWO'!S233 -> 5 | S56: ='FBMS-HND LEVEL TWO'!T233 -> 2 | T56: ='FBMS-HND LEVEL TWO'!U233 -> 4 | U56: ='FBMS-HND LEVEL TWO'!V233 -> 4 | V56: =SUM(N56:U56) -> 49
A57: 5 | B57: ='[1]level two'!$C$174 -> ACC 2105H | C57: ='[1]level two'!$C$175 -> Taxation I & II | D57: ='[1]level two'!$C$176 -> 3 | E57: C | F57: ='[1]level two'!$C$177 -> Mr. Youopouo Maurice | H57: ='FBMS-HND LEVEL TWO'!$O$370 -> 29 | I57: ='FBMS-HND LEVEL TWO'!$O$371 -> 29 | J57: ='FBMS-HND LEVEL TWO'!$O$373 -> 25 | K57: ='FBMS-HND LEVEL TWO'!$O$375 -> 4 | L57: =J57/I57*100 -> 86.206897 | M57: =K57/I57*100 -> 13.793103 | N57: ='FBMS-HND LEVEL TWO'!O382 -> 5 | O57: ='FBMS-HND LEVEL TWO'!P382 -> 2 | P57: ='FBMS-HND LEVEL TWO'!Q382 -> 8 | Q57: ='FBMS-HND LEVEL TWO'!R382 -> 4 | R57: ='FBMS-HND LEVEL TWO'!S382 -> 6 | S57: ='FBMS-HND LEVEL TWO'!T382 -> 0 | T57: ='FBMS-HND LEVEL TWO'!U382 -> 2 | U57: ='FBMS-HND LEVEL TWO'!V382 -> 2 | V57: =SUM(N57:U57) -> 29
A58: 6 | B58: ='[1]level two'!$C$332 -> ACC 2102H | C58: ='[1]level two'!$C$333 -> OHADA Financial Accounting III | D58: ='[1]level two'!$C$334 -> 3 | E58: C | F58: ='[1]level two'!$C$335 -> Mr. Youopouo Maurice | H58: ='FBMS-HND LEVEL TWO'!$O$699 -> 29 | I58: ='FBMS-HND LEVEL TWO'!$O$700 -> 28 | J58: ='FBMS-HND LEVEL TWO'!$O$702 -> 22 | K58: ='FBMS-HND LEVEL TWO'!$O$704 -> 6 | L58: =J58/I58*100 -> 78.571429 | M58: =K58/I58*100 -> 21.428571 | N58: ='FBMS-HND LEVEL TWO'!O711 -> 3 | O58: ='FBMS-HND LEVEL TWO'!P711 -> 3 | P58: ='FBMS-HND LEVEL TWO'!Q711 -> 7 | Q58: ='FBMS-HND LEVEL TWO'!R711 -> 1 | R58: ='FBMS-HND LEVEL TWO'!S711 -> 8 | S58: ='FBMS-HND LEVEL TWO'!T711 -> 0 | T58: ='FBMS-HND LEVEL TWO'!U711 -> 3 | U58: ='FBMS-HND LEVEL TWO'!V711 -> 3 | V58: =SUM(N58:U58) -> 28
A59: 7 | B59: ='[1]level two'!$C$364 -> ACC 2104H | C59: ='[1]level two'!$C$365 -> Company Accounting | D59: 3 | E59: C | F59: ='[1]level two'!$C$367 -> Mr. Mforsah Roger | H59: ='FBMS-HND LEVEL TWO'!$O$753 -> 23 | I59: ='FBMS-HND LEVEL TWO'!$O$754 -> 20 | J59: ='FBMS-HND LEVEL TWO'!$O$756 -> 17 | K59: ='FBMS-HND LEVEL TWO'!$O$758 -> 3 | L59: =J59/I59*100 -> 85 | M59: =K59/I59*100 -> 15 | N59: ='FBMS-HND LEVEL TWO'!O765 -> 3 | O59: ='FBMS-HND LEVEL TWO'!P765 -> 2 | P59: ='FBMS-HND LEVEL TWO'!Q765 -> 4 | Q59: ='FBMS-HND LEVEL TWO'!R765 -> 3 | R59: ='FBMS-HND LEVEL TWO'!S765 -> 5 | S59: ='FBMS-HND LEVEL TWO'!T765 -> 0 | T59: ='FBMS-HND LEVEL TWO'!U765 -> 1 | U59: ='FBMS-HND LEVEL TWO'!V765 -> 2 | V59: =SUM(N59:U59) -> 20
A60: 8 | B60: ='[1]level two'!$C$395 -> ACC 2101H | C60: ='[1]level two'!$C$396 -> Computer Asisted Accounting II | D60: ='[1]level two'!$C$397 -> 3 | E60: C | F60: Mr.Ngondo Charles | H60: ='FBMS-HND LEVEL TWO'!$O$797 -> 21 | I60: ='FBMS-HND LEVEL TWO'!$O$798 -> 21 | J60: ='FBMS-HND LEVEL TWO'!$O$800 -> 19 | K60: ='FBMS-HND LEVEL TWO'!$O$802 -> 2 | L60: =J60/I60*100 -> 90.47619 | M60: =K60/I60*100 -> 9.5238095 | N60: ='FBMS-HND LEVEL TWO'!O809 -> 8 | O60: ='FBMS-HND LEVEL TWO'!P809 -> 4 | P60: ='FBMS-HND LEVEL TWO'!Q809 -> 6 | Q60: ='FBMS-HND LEVEL TWO'!R809 -> 0 | R60: ='FBMS-HND LEVEL TWO'!S809 -> 1 | S60: ='FBMS-HND LEVEL TWO'!T809 -> 1 | T60: ='FBMS-HND LEVEL TWO'!U809 -> 0 | U60: ='FBMS-HND LEVEL TWO'!V809 -> 1 | V60: =SUM(N60:U60) -> 21
C61: TOTAL/ AVERAGE | H61: =SUM(H53:H60) -> 316 | I61: =SUM(I53:I60) -> 310 | J61: =SUM(J53:J60) -> 252 | K61: =SUM(K53:K60) -> 58 | L61: =J61/I61*100 -> 81.290323 | M61: =K61/I61*100 -> 18.709677 | N61: =SUM(N53:N60) -> 43 | O61: =SUM(O53:O60) -> 50 | P61: =SUM(P53:P60) -> 86 | Q61: =SUM(Q53:Q60) -> 27 | R61: =SUM(R53:R60) -> 46 | S61: =SUM(S53:S60) -> 6 | T61: =SUM(T53:T60) -> 16 | U61: =SUM(U53:U60) -> 36 | V61: =SUM(N61:U61) -> 310
B62: CV = Credit Value; ST = Status (C = Compulsory; E = Elective); CR = Candidates Registered; CE = Candidates Examined; % CC = Course Coverage; The % Pass is based on CE (Candidates who completed the course by writing the final examination.
B64: Number of Marked Scripts: | D64: =$I$61 -> 310 | I64: Number of Failed Scripts | N64: =$K$61 -> 58
B65: Number of Passed Scripts | D65: =$J$61 -> 252
A66: Lecturers: | I66: Success Rate: | M66: =$L$61 -> 81.290323
C68: =$F$53 -> Mr.Ngondo Charles | F68: =$F$55 -> Mr Nzebir chrysantus | K68: =$F$56 -> Mr.Shiyghan Chrysanctus
C72: Sr. Elizabeth Ankiambom | E72: Dr. | F72: Achiri Mongo Eric
C73: HND Cordinator | F73: Dean-FBMS-HND
C78: CATHOLIC UNIVERSITY OF CAMEROON (CATUC), BAMENDA
A79: SCHOOL/ FACULTY FACULTY OF SCIENCE | L79: DEPARTMENT: MANAGEMENT
L80: SEMESTER: FIRST SEMESTER
A81: HND | L81: SCHOOL YEAR: 2023/2024
C82: FREQUENCY DISTRIBUTION PERFORMANCES OF STUDENTS
A83: SN | B83: COURSE CODE | C83: COURSE TITLE | D83: CV | E83: ST | F83: LECTURERS | G83: % CC | H83: NUMBER | L83: % PASS | M83: % FAIL | N83: NUMBER
H84: CR | I84: CE | J84: PASS | K84: FAIL | N84: A | O84: B+ | P84: B | Q84: C+ | R84: C | S84: D+ | T84: D | U84: F
A85: 1 | B85: ='[1]level one'!$C$141 -> MGT1101H | C85: ='[1]level one'!$C$142 -> Principles of Management | D85: ='[1]level one'!$C$143 -> 3 | E85: C | F85: Mr. Neba Befrieden | H85: ='FBMS-HND LEVEL ONE'!$O$233 -> 53 | I85: ='FBMS-HND LEVEL ONE'!$O$234 -> 51 | J85: ='FBMS-HND LEVEL ONE'!$O$236 -> 46 | K85: ='FBMS-HND LEVEL ONE'!$O$238 -> 5 | L85: =J85/I85*100 -> 90.196078 | M85: =K85/I85*100 -> 9.8039216 | N85: ='FBMS-HND LEVEL ONE'!O244 -> 1 | O85: ='FBMS-HND LEVEL ONE'!P244 -> 7 | P85: ='FBMS-HND LEVEL ONE'!Q244 -> 19 | Q85: ='FBMS-HND LEVEL ONE'!R244 -> 7 | R85: ='FBMS-HND LEVEL ONE'!S244 -> 12 | S85: ='FBMS-HND LEVEL ONE'!T244 -> 2 | T85: ='FBMS-HND LEVEL ONE'!U244 -> 1 | U85: ='FBMS-HND LEVEL ONE'!V244 -> 2 | V85: =SUM(N85:U85) -> 51
A86: 2 | B86: ='[1]level two'!$C$239 -> LAW 2101H | C86: ='[1]level two'!$C$240 -> Business / Company Law | D86: ='[1]level two'!$C$241 -> 3 | E86: C | F86: ='[1]level two'!$C$242 -> Mr. Ajong Jude | H86: ='FBMS-HND LEVEL TWO'!$O$496 -> 49 | I86: ='FBMS-HND LEVEL TWO'!$O$497 -> 48 | J86: ='FBMS-HND LEVEL TWO'!$O$499 -> 38 | K86: ='FBMS-HND LEVEL TWO'!$O$501 -> 10 | L86: =J86/I86*100 -> 79.166667 | M86: =K86/I86*100 -> 20.833333 | N86: ='FBMS-HND LEVEL TWO'!O508 -> 11 | O86: ='FBMS-HND LEVEL TWO'!P508 -> 9 | P86: ='FBMS-HND LEVEL TWO'!Q508 -> 10 | Q86: ='FBMS-HND LEVEL TWO'!R508 -> 5 | R86: ='FBMS-HND LEVEL TWO'!S508 -> 3 | S86: ='FBMS-HND LEVEL TWO'!T508 -> 4 | T86: ='FBMS-HND LEVEL TWO'!U508 -> 5 | U86: ='FBMS-HND LEVEL TWO'!V508 -> 1 | V86: =SUM(N86:U86) -> 48
A87: 3 | B87: ='[1]level two'!$C$514 -> MGT2104H | C87: ='[1]level two'!$C$515 -> Social Environment I & II | D87: ='[1]level two'!$C$516 -> 3 | E87: C | F87: ='[1]level two'!$C$517 -> Mr Mohammadou | H87: ='FBMS-HND LEVEL TWO'!$O$1200 -> 10 | I87: ='FBMS-HND LEVEL TWO'!$O$1201 -> 9 | J87: ='FBMS-HND LEVEL TWO'!$O$1203 -> 9 | K87: ='FBMS-HND LEVEL TWO'!$O$1205 -> 0 | L87: =J87/I87*100 -> 100 | M87: =K87/I87*100 -> 0 | N87: ='FBMS-HND LEVEL TWO'!O1211 -> 6 | O87: ='FBMS-HND LEVEL TWO'!P1211 -> 3 | P87: ='FBMS-HND LEVEL TWO'!Q1211 -> 0 | Q87: ='FBMS-HND LEVEL TWO'!R1211 -> 0 | R87: ='FBMS-HND LEVEL TWO'!S1211 -> 0 | S87: ='FBMS-HND LEVEL TWO'!T1211 -> 0 | T87: ='FBMS-HND LEVEL TWO'!U1211 -> 0 | U87: ='FBMS-HND LEVEL TWO'!V1211 -> 0 | V87: =SUM(N87:U87) -> 9
A88: 4 | B88: ='[1]level two'!$C$551 -> MGT 2102H | C88: ='[1]level two'!$C$552 -> Organization and Management I | D88: ='[1]level two'!$C$553 -> 3 | E88: C | F88: ='[1]level two'!$C$517 -> Mr Mohammadou | H88: ='FBMS-HND LEVEL TWO'!$O$1166 -> 10 | I88: ='FBMS-HND LEVEL TWO'!$O$1167 -> 9 | J88: ='FBMS-HND LEVEL TWO'!$O$1169 -> 9 | K88: ='FBMS-HND LEVEL TWO'!$O$1171 -> 0 | L88: =J88/I88*100 -> 100 | M88: =K88/I88*100 -> 0 | N88: ='FBMS-HND LEVEL TWO'!O1177 -> 5 | O88: ='FBMS-HND LEVEL TWO'!P1177 -> 3 | P88: ='FBMS-HND LEVEL TWO'!Q1177 -> 1 | Q88: ='FBMS-HND LEVEL TWO'!R1177 -> 0 | R88: ='FBMS-HND LEVEL TWO'!S1177 -> 0 | S88: ='FBMS-HND LEVEL TWO'!T1177 -> 0 | T88: ='FBMS-HND LEVEL TWO'!U1177 -> 0 | U88: ='FBMS-HND LEVEL TWO'!V1177 -> 0 | V88: =SUM(N88:U88) -> 9
A89: 5 | B89: ='[1]level two'!$C$582 -> MGT 2103H | C89: ='[1]level two'!$C$583 -> Practice of HRM | D89: ='[1]level two'!$C$584 -> 3 | E89: C | F89: ='[1]level two'!$C$585 -> Mr. Neba Befrieden | H89: ='FBMS-HND LEVEL TWO'!$O$1232 -> 9 | I89: ='FBMS-HND LEVEL TWO'!$O$930 -> 9 | J89: ='FBMS-HND LEVEL TWO'!$O$932 -> 9 | K89: ='FBMS-HND LEVEL TWO'!$O$934 -> 0 | L89: =J89/I89*100 -> 100 | M89: =K89/I89*100 -> 0 | N89: ='FBMS-HND LEVEL TWO'!O1243 -> 0 | O89: ='FBMS-HND LEVEL TWO'!P1243 -> 3 | P89: ='FBMS-HND LEVEL TWO'!Q1243 -> 3 | Q89: ='FBMS-HND LEVEL TWO'!R1243 -> 1 | R89: ='FBMS-HND LEVEL TWO'!S1243 -> 2 | S89: ='FBMS-HND LEVEL TWO'!T1243 -> 0 | T89: ='FBMS-HND LEVEL TWO'!U1243 -> 0 | U89: ='FBMS-HND LEVEL TWO'!V1243 -> 0 | V89: =SUM(N89:U89) -> 9
A90: 6 | B90: ='[1]level two'!$C$618 -> MGT 2101H | C90: ='[1]level two'!$C$619 -> Human Relations II | D90: ='[1]level two'!$C$620 -> 3 | E90: C | F90: ='[1]level two'!$C$621 -> Mr. Neba Befrieden | H90: ='FBMS-HND LEVEL TWO'!$O$1268 -> 9 | I90: ='FBMS-HND LEVEL TWO'!$O$1269 -> 9 | J90: ='FBMS-HND LEVEL TWO'!$O$1271 -> 9 | K90: ='FBMS-HND LEVEL TWO'!$O$1273 -> 0 | L90: =J90/I90*100 -> 100 | M90: =K90/I90*100 -> 0 | N90: ='FBMS-HND LEVEL TWO'!O1279 -> 1 | O90: ='FBMS-HND LEVEL TWO'!P1279 -> 2 | P90: ='FBMS-HND LEVEL TWO'!Q1279 -> 5 | Q90: ='FBMS-HND LEVEL TWO'!R1279 -> 0 | R90: ='FBMS-HND LEVEL TWO'!S1279 -> 1 | S90: ='FBMS-HND LEVEL TWO'!T1279 -> 0 | T90: ='FBMS-HND LEVEL TWO'!U1279 -> 0 | U90: ='FBMS-HND LEVEL TWO'!V1279 -> 0 | V90: =SUM(N90:U90) -> 9
C91: TOTAL/ AVERAGE | H91: =SUM(H85:H90) -> 140 | I91: =SUM(I85:I90) -> 135 | J91: =SUM(J85:J90) -> 120 | K91: =SUM(K85:K90) -> 15 | L91: =J91/I91*100 -> 88.888889 | M91: =K91/I91*100 -> 11.111111 | N91: =SUM(N85:N90) -> 24 | O91: =SUM(O85:O90) -> 27 | P91: =SUM(P85:P90) -> 38 | Q91: =SUM(Q85:Q90) -> 13 | R91: =SUM(R85:R90) -> 18 | S91: =SUM(S85:S90) -> 6 | T91: =SUM(T85:T90) -> 6 | U91: =SUM(U85:U90) -> 3 | V91: =SUM(N91:U91) -> 135
B92: CV = Credit Value; ST = Status (C = Compulsory; E = Elective); CR = Candidates Registered; CE = Candidates Examined; % CC = Course Coverage; The % Pass is based on CE (Candidates who completed the course by writing the final examination.
B94: Number of Marked Scripts: | C94: ='FBMS-HND LEVEL TWO'!$O$853 -> 0 | D94: =$I$91 -> 135 | I94: Number of Failed Scripts | N94: =$K$91 -> 15
B95: Number of Passed Scripts | D95: =$J$91 -> 120
I96: Success Rate | M96: =$L$91 -> 88.888889
A97: Lecturers:
C98: =$F$85 -> Mr. Neba Befrieden | F98: =$F$86 -> Mr. Ajong Jude | H98: =$F$89 -> Mr. Neba Befrieden | N98: =$F$87 -> Mr Mohammadou
C102: Sr. Elizabeth Ankiambom | F102: Dr. Achiri Mongo Eric
C103: HND Cordinator | F103: Dean-FBMS-HND
C111: CATHOLIC UNIVERSITY OF CAMEROON (CATUC), BAMENDA
A112: SCHOOL/ FACULTY: FACULTY OF SCIENCE | C112: BUSINESS AND MANAGEMENT SCIENCES | L112: DEPARTMENT: MARKETING
L113: SEMESTER: FIRST SEMESTER
A114: HND | L114: SCHOOL YEAR: 2023/2024
C115: FREQUENCY DISTRIBUTION PERFORMANCES OF STUDENTS
A116: SN | B116: COURSE CODE | C116: COURSE TITLE | D116: CV | E116: ST | F116: LECTURERS | G116: % CC | H116: NUMBER | L116: % PASS | M116: % FAIL | N116: NUMBER
H117: CR | I117: CE | J117: PASS | K117: FAIL | N117: A | O117: B+ | P117: B | Q117: C+ | R117: C | S117: D+ | T117: D | U117: F
A118: 1 | B118: ='[1]level one'!$C$193 -> MKT1101H | C118: ='[1]level one'!$C$194 -> Principles of Marketing | D118: ='[1]level one'!$C$195 -> 3 | E118: C | F118: Mme. Teneng Conscience | H118: ='FBMS-HND LEVEL ONE'!$O$304 -> 54 | I118: ='FBMS-HND LEVEL ONE'!$O$305 -> 54 | J118: ='FBMS-HND LEVEL ONE'!$O$307 -> 26 | K118: ='FBMS-HND LEVEL ONE'!$O$309 -> 28 | L118: =J118/I118*100 -> 48.148148 | M118: =K118/I118*100 -> 51.851852 | N118: ='FBMS-HND LEVEL ONE'!O314 -> 0 | O118: ='FBMS-HND LEVEL ONE'!P314 -> 3 | P118: ='FBMS-HND LEVEL ONE'!Q314 -> 3 | Q118: ='FBMS-HND LEVEL ONE'!R314 -> 7 | R118: ='FBMS-HND LEVEL ONE'!S314 -> 13 | S118: ='FBMS-HND LEVEL ONE'!T314 -> 5 | T118: ='FBMS-HND LEVEL ONE'!U314 -> 8 | U118: ='FBMS-HND LEVEL ONE'!V314 -> 15 | V118: =SUM(N118:U118) -> 54
A119: 2 | B119: MKT2101H | C119: Marketing Environment I & II | D119: 3 | E119: C | F119: Mme. Teneng Conscience | H119: ='FBMS-HND LEVEL TWO'!$O$1063 -> 10 | I119: ='FBMS-HND LEVEL TWO'!$O$1064 -> 10 | J119: ='FBMS-HND LEVEL TWO'!$O$1066 -> 9 | K119: ='FBMS-HND LEVEL TWO'!$O$1068 -> 1 | L119: =J119/I119*100 -> 90 | M119: =K119/I119*100 -> 10 | N119: ='FBMS-HND LEVEL TWO'!O1074 -> 0 | O119: ='FBMS-HND LEVEL TWO'!P1074 -> 1 | P119: ='FBMS-HND LEVEL TWO'!Q1074 -> 4 | Q119: ='FBMS-HND LEVEL TWO'!R1074 -> 0 | R119: ='FBMS-HND LEVEL TWO'!S1074 -> 4 | S119: ='FBMS-HND LEVEL TWO'!T1074 -> 0 | T119: ='FBMS-HND LEVEL TWO'!U1074 -> 0 | U119: ='FBMS-HND LEVEL TWO'!V1074 -> 1 | V119: =SUM(N119:U119) -> 10
A120: 3 | B120: MKT2102H | C120: Marketing Tools | D120: 3 | E120: C | F120: Mme. Muyen Synthia | H120: ='FBMS-HND LEVEL TWO'!$O$1028 -> 10 | I120: ='FBMS-HND LEVEL TWO'!$O$1029 -> 10 | J120: ='FBMS-HND LEVEL TWO'!$O$1031 -> 9 | K120: ='FBMS-HND LEVEL TWO'!$O$1033 -> 1 | L120: =J120/I120*100 -> 90 | M120: =K120/I120*100 -> 10 | N120: ='FBMS-HND LEVEL TWO'!O1040 -> 3 | O120: ='FBMS-HND LEVEL TWO'!P1040 -> 1 | P120: ='FBMS-HND LEVEL TWO'!Q1040 -> 5 | Q120: ='FBMS-HND LEVEL TWO'!R1040 -> 0 | R120: ='FBMS-HND LEVEL TWO'!S1040 -> 0 | S120: ='FBMS-HND LEVEL TWO'!T1040 -> 0 | T120: ='FBMS-HND LEVEL TWO'!U1040 -> 0 | U120: ='FBMS-HND LEVEL TWO'!V1040 -> 1 | V120: =SUM(N120:U120) -> 10
A121: 4 | B121: MKT2103H | C121: International Trade for Marketing | D121: 3 | E121: C | F121: Mme. Muyen Synthia | H121: ='FBMS-HND LEVEL TWO'!$O$1130 -> 10 | I121: ='FBMS-HND LEVEL TWO'!$O$1131 -> 10 | J121: ='FBMS-HND LEVEL TWO'!$O$1133 -> 9 | K121: ='FBMS-HND LEVEL TWO'!$O$1135 -> 1 | L121: =J121/I121*100 -> 90 | M121: =K121/I121*100 -> 10 | N121: ='FBMS-HND LEVEL TWO'!O1141 -> 0 | O121: ='FBMS-HND LEVEL TWO'!P1141 -> 2 | P121: ='FBMS-HND LEVEL TWO'!Q1141 -> 4 | Q121: ='FBMS-HND LEVEL TWO'!R1141 -> 2 | R121: ='FBMS-HND LEVEL TWO'!S1141 -> 1 | S121: ='FBMS-HND LEVEL TWO'!T1141 -> 1 | T121: ='FBMS-HND LEVEL TWO'!U1141 -> 0 | U121: ='FBMS-HND LEVEL TWO'!V1141 -> 0 | V121: =SUM(N121:U121) -> 10
A122: 5 | B122: MKT2104H | C122: Marketing Mix | D122: 3 | E122: C | F122: Mme. Teneng Conscience | H122: ='FBMS-HND LEVEL TWO'!$O$996 -> 10 | I122: ='FBMS-HND LEVEL TWO'!$O$997 -> 10 | J122: ='FBMS-HND LEVEL TWO'!$O$999 -> 9 | K122: ='FBMS-HND LEVEL TWO'!$O$1001 -> 1 | L122: =J122/I122*100 -> 90 | M122: =K122/I122*100 -> 10 | N122: ='FBMS-HND LEVEL TWO'!O1074 -> 0 | O122: ='FBMS-HND LEVEL TWO'!P1074 -> 1 | P122: ='FBMS-HND LEVEL TWO'!Q1074 -> 4 | Q122: ='FBMS-HND LEVEL TWO'!R1074 -> 0 | R122: ='FBMS-HND LEVEL TWO'!S1074 -> 4 | S122: ='FBMS-HND LEVEL TWO'!T1074 -> 0 | T122: ='FBMS-HND LEVEL TWO'!U1074 -> 0 | U122: ='FBMS-HND LEVEL TWO'!V1074 -> 1 | V122: =SUM(N122:U122) -> 10
A123: 6 | B123: MKT2105H | C123: Sales Technique and Policy | D123: 3 | E123: C | F123: Mme. Muyen Synthia | H123: ='FBMS-HND LEVEL TWO'!$O$1098 -> 10 | I123: ='FBMS-HND LEVEL TWO'!$O$1099 -> 10 | J123: ='FBMS-HND LEVEL TWO'!$O$1101 -> 7 | K123: ='FBMS-HND LEVEL TWO'!$O$1103 -> 3 | L123: =J123/I123*100 -> 70 | M123: =K123/I123*100 -> 30 | N123: ='FBMS-HND LEVEL TWO'!O1109 -> 2 | O123: ='FBMS-HND LEVEL TWO'!P1109 -> 2 | P123: ='FBMS-HND LEVEL TWO'!Q1109 -> 1 | Q123: ='FBMS-HND LEVEL TWO'!R1109 -> 2 | R123: ='FBMS-HND LEVEL TWO'!S1109 -> 0 | S123: ='FBMS-HND LEVEL TWO'!T1109 -> 2 | T123: ='FBMS-HND LEVEL TWO'!U1109 -> 0 | U123: ='FBMS-HND LEVEL TWO'!V1109 -> 1 | V123: =SUM(N123:U123) -> 10
C124: TOTAL/ AVERAGE | H124: =SUM(H118:H123) -> 104 | I124: =SUM(I118:I123) -> 104 | J124: =SUM(J118:J123) -> 69 | K124: =SUM(K118:K123) -> 35 | L124: =J124/I124*100 -> 66.346154 | M124: =K124/I124*100 -> 33.653846 | N124: =SUM(N118:N123) -> 5 | O124: =SUM(O118:O123) -> 10 | P124: =SUM(P118:P123) -> 21 | Q124: =SUM(Q118:Q123) -> 11 | R124: =SUM(R118:R123) -> 22 | S124: =SUM(S118:S123) -> 8 | T124: =SUM(T118:T123) -> 8 | U124: =SUM(U118:U123) -> 19 | V124: =SUM(N124:U124) -> 104
B125: CV = Credit Value; ST = Status (C = Compulsory; E = Elective); CR = Candidates Registered; CE = Candidates Examined; % CC = Course Coverage; The % Pass is based on CE (Candidates who completed the course by writing the final examination.
B127: Number of Marked Scripts: | D127: =$I$124 -> 104 | I127: Number of Failed Scripts | N127: =$K$124 -> 35
B129: Number of Passed Scripts | D129: =$J$124 -> 69
I130: Success Rate: 98.08
A131: Lecturers:
C132: =$F$118 -> Mme. Teneng Conscience | O132: Mme. Muyen Synthia
C136: Sr. Elizabeth Ankiambom | E136: Mr. Paul O.B. Itor | F136: Achiri Mongo Eric
C137: HND Cordinator | F137: Dean-FBMS-HND
C139: CATHOLIC UNIVERSITY OF CAMEROON (CATUC), BAMENDA
A141: SCHOOL/ FACULTY FACULTY OF SCIENCE | L141: DEPARTMENT: BANKING AND FINANCE
L142: SEMESTER: FIRST SEMESTER
A143: HND | L143: SCHOOL YEAR: 2023/2024
C145: FREQUENCY DISTRIBUTION PERFORMANCES OF STUDENTS
A146: SN | B146: COURSE CODE | C146: COURSE TITLE | D146: CV | E146: ST | F146: LECTURERS | G146: % CC | H146: NUMBER | L146: % PASS | M146: % FAIL | N146: NUMBER
H147: CR | I147: CE | J147: PASS | K147: FAIL | N147: A | O147: B+ | P147: B | Q147: C+ | R147: C | S147: D+ | T147: D | U147: F
A148: 1 | B148: ='[1]level one'!$C$5 -> BFI1101H | C148: ='[1]level one'!$C$6 -> Principles of Banking | D148: ='[1]level one'!$C$7 -> 3 | E148: C | F148: Mme. Lukong Claris | H148: ='FBMS-HND LEVEL ONE'!$O$13 -> 54 | I148: ='FBMS-HND LEVEL ONE'!$O$14 -> 54 | J148: ='FBMS-HND LEVEL ONE'!$O$16 -> 47 | K148: ='FBMS-HND LEVEL ONE'!$O$18 -> 7 | L148: =J148/I148*100 -> 87.037037 | M148: =K148/I148*100 -> 12.962963 | N148: ='FBMS-HND LEVEL ONE'!R25 -> 12 | O148: ='FBMS-HND LEVEL ONE'!S25 -> 17 | P148: ='FBMS-HND LEVEL ONE'!T25 -> 9 | Q148: ='FBMS-HND LEVEL ONE'!U25 -> 4 | R148: ='FBMS-HND LEVEL ONE'!V25 -> 5 | S148: ='FBMS-HND LEVEL ONE'!W25 -> 1 | T148: ='FBMS-HND LEVEL ONE'!X25 -> 2 | U148: ='FBMS-HND LEVEL ONE'!Y25 -> 4 | V148: =SUM(N148:U148) -> 54
A149: 2 | B149: ='[1]level one'!$C$44 -> BFI1102H | C149: ='[1]level one'!$C$45 -> Principles of Finance | D149: ='[1]level one'!$C$46 -> 3 | E149: C | F149: Mme. Lukong Claris | H149: ='FBMS-HND LEVEL ONE'!$O$83 -> 64 | I149: ='FBMS-HND LEVEL ONE'!$O$84 -> 59 | J149: ='FBMS-HND LEVEL ONE'!$O$86 -> 52 | K149: ='FBMS-HND LEVEL ONE'!$O$88 -> 7 | L149: =J149/I149*100 -> 88.135593 | M149: =K149/I149*100 -> 11.864407 | N149: ='FBMS-HND LEVEL ONE'!O95 -> 2 | O149: ='FBMS-HND LEVEL ONE'!P95 -> 9 | P149: ='FBMS-HND LEVEL ONE'!Q95 -> 19 | Q149: ='FBMS-HND LEVEL ONE'!R95 -> 11 | R149: ='FBMS-HND LEVEL ONE'!S95 -> 11 | S149: ='FBMS-HND LEVEL ONE'!T95 -> 3 | T149: ='FBMS-HND LEVEL ONE'!U95 -> 3 | U149: ='FBMS-HND LEVEL ONE'!V95 -> 1 | V149: =SUM(N149:U149) -> 59
B150: BFI2101H | C150: Banking operations and Techniques | D150: 3 | E150: C | F150: Mr Nkwa Felix | H150: ='FBMS-HND LEVEL TWO'!$O$962 -> 9 | I150: ='FBMS-HND LEVEL TWO'!$O$963 -> 9 | J150: ='FBMS-HND LEVEL TWO'!$O$965 -> 9 | K150: ='FBMS-HND LEVEL TWO'!$O$967 -> 0 | L150: =J150/I150*100 -> 100 | M150: =K150/I150*100 -> 0 | N150: ='FBMS-HND LEVEL TWO'!O973 -> 0 | O150: ='FBMS-HND LEVEL TWO'!P973 -> 1 | P150: ='FBMS-HND LEVEL TWO'!Q973 -> 5 | Q150: ='FBMS-HND LEVEL TWO'!R973 -> 2 | R150: ='FBMS-HND LEVEL TWO'!S973 -> 1 | S150: ='FBMS-HND LEVEL TWO'!T973 -> 0 | T150: ='FBMS-HND LEVEL TWO'!U973 -> 0 | U150: ='FBMS-HND LEVEL TWO'!V973 -> 0 | V150: =SUM(N150:U150) -> 9
...

Sheet RESULTS
I1: Catholic University of Cameroon, CATUC, Bamenda
I2: Faculty of Business and Management Sciences-HND
I3: DEPARTMENT : HND /LEVEL ONE | AJ3: Level One
G4: LEVEL ONE | I4: First Semester CA/ Examination, 2023-2024
A5: S/N | B5: Mat No. | C5: Name of Student | D5: MAT No. | O5: Courses | AI5: Courses
E6: BFI1101H; Stat: ; CV:3 | J6: BFI1102H; Stat: ; CV:3 | O6: INS1101H; Stat: ; CV:3 | T6: MGT1101H; Stat: ; CV:3 | Y6: MKT1101H; Stat: ; CV:3 | AD6: ECO1101H; Stat: ; CV:2 | AI6: MAT1101H; Stat: ; CV:2 | AN6: ECO1102H; Stat: ; CV:2 | AS6: ACC1102H; Stat: ; CV:23 | AX6: ACC1105; Stat: ; CV:3 | BC6: FRE1101H; Stat: ; CV:2 | BH6: ACC1101H; Stat: ; CV:3 | BM6: ENG1101H; Stat: ; CV:2
E8: Att | F8: CA | G8: EX | H8: TOT | I8: Grad | J8: Att | K8: CA | L8: EX | M8: TOT | N8: Grad | O8: Att | P8: CA | Q8: EX | R8: TOT | S8: Grad | T8: Att | U8: CA | V8: EX | W8: TOT | X8: Grad | Y8: Att | Z8: CA | AA8: EX | AB8: TOT | AC8: Grad | AD8: Att | AE8: CA | AF8: EX | AG8: TOT | AH8: Grad | AI8: Att | AJ8: CA | AK8: EX | AL8: TOT | AM8: Grad | AN8: Att | AO8: CA | AP8: EX | AQ8: TOT | AR8: Grad | AS8: Att | AT8: CA | AU8: EX | AV8: TOT | AW8: Grad | AX8: Att | AY8: CA | AZ8: EX | BA8: TOT | BB8: Grad | BC8: Att | BD8: CA | BE8: EX | BF8: TOT | BG8: Grad | BH8: Att | BI8: CA | BJ8: EX | BK8: TOT | BL8: Grad | BM8: Att | BN8: CA | BO8: EX | BP8: TOT | BQ8: Grad
A9: 1 | B9: 381323H | C9: Abah Rameline Abo | D9: 381323H | E9: ='FBMS-HND LEVEL ONE'!E12 -> 9 | F9: ='FBMS-HND LEVEL ONE'!F12 -> 21 | G9: ='FBMS-HND LEVEL ONE'!J12 -> 48 | H9: ='FBMS-HND LEVEL ONE'!K12 -> 78 | I9: ='FBMS-HND LEVEL ONE'!L12 -> B+ | J9: ='FBMS-HND LEVEL ONE'!E81 -> 9 | K9: ='FBMS-HND LEVEL ONE'!F81 -> 26 | L9: ='FBMS-HND LEVEL ONE'!J81 -> 34 | M9: ='FBMS-HND LEVEL ONE'!K81 -> 69 | N9: ='FBMS-HND LEVEL ONE'!L81 -> B | O9: ='FBMS-HND LEVEL ONE'!E161 -> 10 | P9: ='FBMS-HND LEVEL ONE'!F161 -> 24.5 | Q9: ='FBMS-HND LEVEL ONE'!J161 -> 28 | R9: ='FBMS-HND LEVEL ONE'!K161 -> 62.5 | S9: ='FBMS-HND LEVEL ONE'!L161 -> B | T9: ='FBMS-HND LEVEL ONE'!E230 -> 10 | U9: ='FBMS-HND LEVEL ONE'!F230 -> 25 | V9: ='FBMS-HND LEVEL ONE'!J230 -> 33 | W9: ='FBMS-HND LEVEL ONE'!K230 -> 68 | X9: ='FBMS-HND LEVEL ONE'!L230 -> B | Y9: ='FBMS-HND LEVEL ONE'!E302 -> 10 | Z9: ='FBMS-HND LEVEL ONE'!F302 -> 16 | AA9: ='FBMS-HND LEVEL ONE'!J302 -> 30 | AB9: ='FBMS-HND LEVEL ONE'!K302 -> 56 | AC9: ='FBMS-HND LEVEL ONE'!L302 -> C+ | AD9: ='FBMS-HND LEVEL ONE'!E373 -> 10 | AE9: ='FBMS-HND LEVEL ONE'!F373 -> 28 | AF9: ='FBMS-HND LEVEL ONE'!J373 -> 45 | AG9: ='FBMS-HND LEVEL ONE'!K373 -> 83 | AH9: ='FBMS-HND LEVEL ONE'!L373 -> A | AI9: ='FBMS-HND LEVEL ONE'!E451 -> 10 | AJ9: ='FBMS-HND LEVEL ONE'!F451 -> 27 | AK9: ='FBMS-HND LEVEL ONE'!J451 -> 34 | AL9: ='FBMS-HND LEVEL ONE'!K451 -> 71 | AM9: ='FBMS-HND LEVEL ONE'!L451 -> B+ | AN9: ='FBMS-HND LEVEL ONE'!E527 -> 10 | AO9: ='FBMS-HND LEVEL ONE'!F527 -> 21 | AP9: ='FBMS-HND LEVEL ONE'!J527 -> 34 | AQ9: ='FBMS-HND LEVEL ONE'!K527 -> 65 | AR9: ='FBMS-HND LEVEL ONE'!L527 -> B | AS9: ='FBMS-HND LEVEL ONE'!E597 -> 10 | AT9: ='FBMS-HND LEVEL ONE'!F597 -> 16.5 | AU9: ='FBMS-HND LEVEL ONE'!J597 -> 50 | AV9: ='FBMS-HND LEVEL ONE'!K597 -> 76.5 | AW9: ='FBMS-HND LEVEL ONE'!L597 -> B+ | AX9: ='FBMS-HND LEVEL ONE'!E668 -> 10 | AY9: ='FBMS-HND LEVEL ONE'!F668 -> 10 | AZ9: ='FBMS-HND LEVEL ONE'!J668 -> 53 | BA9: ='FBMS-HND LEVEL ONE'!K668 -> 73 | BB9: ='FBMS-HND LEVEL ONE'!L668 -> B+ | BC9: ='FBMS-HND LEVEL ONE'!E743 -> 8 | BD9: ='FBMS-HND LEVEL ONE'!F743 -> 17 | BE9: ='FBMS-HND LEVEL ONE'!J743 -> 39 | BF9: ='FBMS-HND LEVEL ONE'!K743 -> 64 | BG9: ='FBMS-HND LEVEL ONE'!L743 -> B | BH9: ='FBMS-HND LEVEL ONE'!E811 -> 9 | BI9: ='FBMS-HND LEVEL ONE'!F811 -> 26 | BJ9: ='FBMS-HND LEVEL ONE'!J811 -> 45 | BK9: ='FBMS-HND LEVEL ONE'!K811 -> 80 | BL9: ='FBMS-HND LEVEL ONE'!L811 -> A | BM9: ='FBMS-HND LEVEL ONE'!E883 -> 10 | BN9: ='FBMS-HND LEVEL ONE'!F883 -> 17 | BO9: ='FBMS-HND LEVEL ONE'!J883 -> 42 | BP9: ='FBMS-HND LEVEL ONE'!K883 -> 69 | BQ9: ='FBMS-HND LEVEL ONE'!L883 -> B
A10: 2 | B10: 378523H | C10: Abembom Kuate-mein Quinn Laurato | D10: 378523H | E10: ='FBMS-HND LEVEL ONE'!E13 -> 10 | F10: ='FBMS-HND LEVEL ONE'!F13 -> 21 | G10: ='FBMS-HND LEVEL ONE'!J13 -> 43 | H10: ='FBMS-HND LEVEL ONE'!K13 -> 74 | I10: ='FBMS-HND LEVEL ONE'!L13 -> B+ | J10: ='FBMS-HND LEVEL ONE'!E82 -> 10 | K10: ='FBMS-HND LEVEL ONE'!F82 -> 25 | L10: ='FBMS-HND LEVEL ONE'!J82 -> 38 | M10: ='FBMS-HND LEVEL ONE'!K82 -> 73 | N10: ='FBMS-HND LEVEL ONE'!L82 -> B+ | O10: ='FBMS-HND LEVEL ONE'!E162 -> 10 | P10: ='FBMS-HND LEVEL ONE'!F162 -> 19.5 | Q10: ='FBMS-HND LEVEL ONE'!J162 -> 25 | R10: ='FBMS-HND LEVEL ONE'!K162 -> 54.5 | S10: ='FBMS-HND LEVEL ONE'!L162 -> C | T10: ='FBMS-HND LEVEL ONE'!E231 -> 10 | U10: ='FBMS-HND LEVEL ONE'!F231 -> 23 | V10: ='FBMS-HND LEVEL ONE'!J231 -> 40 | W10: ='FBMS-HND LEVEL ONE'!K231 -> 73 | X10: ='FBMS-HND LEVEL ONE'!L231 -> B+ | Y10: ='FBMS-HND LEVEL ONE'!E303 -> 10 | Z10: ='FBMS-HND LEVEL ONE'!F303 -> 10 | AA10: ='FBMS-HND LEVEL ONE'!J303 -> 31 | AB10: ='FBMS-HND LEVEL ONE'!K303 -> 51 | AC10: ='FBMS-HND LEVEL ONE'!L303 -> C | AD10: ='FBMS-HND LEVEL ONE'!E374 -> 10 | AE10: ='FBMS-HND LEVEL ONE'!F374 -> 29 | AF10: ='FBMS-HND LEVEL ONE'!J374 -> 31 | AG10: ='FBMS-HND LEVEL ONE'!K374 -> 70 | AH10: ='FBMS-HND LEVEL ONE'!L374 -> B+ | AI10: ='FBMS-HND LEVEL ONE'!E452 -> 10 | AJ10: ='FBMS-HND LEVEL ONE'!F452 -> 24 | AK10: ='FBMS-HND LEVEL ONE'!J452 -> 48 | AL10: ='FBMS-HND LEVEL ONE'!K452 -> 82 | AM10: ='FBMS-HND LEVEL ONE'!L452 -> A | AN10: ='FBMS-HND LEVEL ONE'!E528 -> 10 | AO10: ='FBMS-HND LEVEL ONE'!F528 -> 24 | AP10: ='FBMS-HND LEVEL ONE'!J528 -> 35 | AQ10: ='FBMS-HND LEVEL ONE'!K528 -> 69 | AR10: ='FBMS-HND LEVEL ONE'!L528 -> B | AS10: ='FBMS-HND LEVEL ONE'!E598 -> 10 | AT10: ='FBMS-HND LEVEL ONE'!F598 -> 18 | AU10: ='FBMS-HND LEVEL ONE'!J598 -> 44 | AV10: ='FBMS-HND LEVEL ONE'!K598 -> 72 | AW10: ='FBMS-HND LEVEL ONE'!L598 -> B+ | AX10: ='FBMS-HND LEVEL ONE'!E669 -> 10 | AY10: ='FBMS-HND LEVEL ONE'!F669 -> 20 | AZ10: ='FBMS-HND LEVEL ONE'!J669 -> 48 | BA10: ='FBMS-HND LEVEL ONE'!K669 -> 78 | BB10: ='FBMS-HND LEVEL ONE'!L669 -> B+ | BC10: ='FBMS-HND LEVEL ONE'!E744 -> 8 | BD10: ='FBMS-HND LEVEL ONE'!F744 -> 15 | BE10: ='FBMS-HND LEVEL ONE'!J744 -> 48 | BF10: ='FBMS-HND LEVEL ONE'!K744 -> 71 | BG10: ='FBMS-HND LEVEL ONE'!L744 -> B+ | BH10: ='FBMS-HND LEVEL ONE'!E812 -> 10 | BI10: ='FBMS-HND LEVEL ONE'!F812 -> 24 | BJ10: ='FBMS-HND LEVEL ONE'!J812 -> 48 | BK10: ='FBMS-HND LEVEL ONE'!K812 -> 82 | BL10: ='FBMS-HND LEVEL ONE'!L812 -> A | BM10: ='FBMS-HND LEVEL ONE'!E884 -> 10 | BN10: ='FBMS-HND LEVEL ONE'!F884 -> 23 | BO10: ='FBMS-HND LEVEL ONE'!J884 -> 42 | BP10: ='FBMS-HND LEVEL ONE'!K884 -> 75 | BQ10: ='FBMS-HND LEVEL ONE'!L884 -> B+
A11: 3 | B11: 377423H | C11: Awantang Mary-Lily | D11: 377423H | E11: ='FBMS-HND LEVEL ONE'!E14 -> 10 | F11: ='FBMS-HND LEVEL ONE'!F14 -> 22 | G11: ='FBMS-HND LEVEL ONE'!J14 -> 42 | H11: ='FBMS-HND LEVEL ONE'!K14 -> 74 | I11: ='FBMS-HND LEVEL ONE'!L14 -> B+ | J11: ='FBMS-HND LEVEL ONE'!E83 -> 10 | K11: ='FBMS-HND LEVEL ONE'!F83 -> 24.5 | L11: ='FBMS-HND LEVEL ONE'!J83 -> 22 | M11: ='FBMS-HND LEVEL ONE'!K83 -> 56.5 | N11: ='FBMS-HND LEVEL ONE'!L83 -> C+ | O11: ='FBMS-HND LEVEL ONE'!E163 -> 9 | P11: ='FBMS-HND LEVEL ONE'!F163 -> 19 | Q11: ='FBMS-HND LEVEL ONE'!J163 -> 22 | R11: ='FBMS-HND LEVEL ONE'!K163 -> 50 | S11: ='FBMS-HND LEVEL ONE'!L163 -> C | T11: ='FBMS-HND LEVEL ONE'!E232 -> 9 | U11: ='FBMS-HND LEVEL ONE'!F232 -> 19 | V11: ='FBMS-HND LEVEL ONE'!J232 -> 34 | W11: ='FBMS-HND LEVEL ONE'!K232 -> 62 | X11: ='FBMS-HND LEVEL ONE'!L232 -> B | Y11: ='FBMS-HND LEVEL ONE'!E304 -> 10 | Z11: ='FBMS-HND LEVEL ONE'!F304 -> 11 | AA11: ='FBMS-HND LEVEL ONE'!J304 -> 32 | AB11: ='FBMS-HND LEVEL ONE'!K304 -> 53 | AC11: ='FBMS-HND LEVEL ONE'!L304 -> C | AD11: ='FBMS-HND LEVEL ONE'!E375 -> 9 | AE11: ='FBMS-HND LEVEL ONE'!F375 -> 21 | AF11: ='FBMS-HND LEVEL ONE'!J375 -> 20 | AG11: ='FBMS-HND LEVEL ONE'!K375 -> 50 | AH11: ='FBMS-HND LEVEL ONE'!L375 -> C | AI11: ='FBMS-HND LEVEL ONE'!E453 -> 10 | AJ11: ='FBMS-HND LEVEL ONE'!F453 -> 18 | AK11: ='FBMS-HND LEVEL ONE'!J453 -> 29 | AL11: ='FBMS-HND LEVEL ONE'!K453 -> 57 | AM11: ='FBMS-HND LEVEL ONE'!L453 -> C+ | AN11: ='FBMS-HND LEVEL ONE'!E529 -> 10 | AO11: ='FBMS-HND LEVEL ONE'!F529 -> 9.5 | AP11: ='FBMS-HND LEVEL ONE'!J529 -> 31 | AQ11: ='FBMS-HND LEVEL ONE'!K529 -> 50.5 | AR11: ='FBMS-HND LEVEL ONE'!L529 -> C | AS11: ='FBMS-HND LEVEL ONE'!E599 -> 10 | AT11: ='FBMS-HND LEVEL ONE'!F599 -> 9 | AU11: ='FBMS-HND LEVEL ONE'!J599 -> 31 | AV11: ='FBMS-HND LEVEL ONE'!K599 -> 50 | AW11: ='FBMS-HND LEVEL ONE'!L599 -> C | AX11: ='FBMS-HND LEVEL ONE'!E670 -> 10 | AY11: ='FBMS-HND LEVEL ONE'!F670 -> 19 | AZ11: ='FBMS-HND LEVEL ONE'!J670 -> 22 | BA11: ='FBMS-HND LEVEL ONE'!K670 -> 51 | BB11: ='FBMS-HND LEVEL ONE'!L670 -> C | BC11: ='FBMS-HND LEVEL ONE'!E745 -> 8 | BD11: ='FBMS-HND LEVEL ONE'!F745 -> 18 | BE11: ='FBMS-HND LEVEL ONE'!J745 -> 42 | BF11: ='FBMS-HND LEVEL ONE'!K745 -> 68 | BG11: ='FBMS-HND LEVEL ONE'!L745 -> B | BH11: ='FBMS-HND LEVEL ONE'!E813 -> 10 | BI11: ='FBMS-HND LEVEL ONE'!F813 -> 24 | BJ11: ='FBMS-HND LEVEL ONE'!J813 -> 29 | BK11: ='FBMS-HND LEVEL ONE'!K813 -> 63 | BL11: ='FBMS-HND LEVEL ONE'!L813 -> B | BM11: ='FBMS-HND LEVEL ONE'!E885 -> 10 | BN11: ='FBMS-HND LEVEL ONE'!F885 -> 19 | BO11: ='FBMS-HND LEVEL ONE'!J885 -> 42 | BP11: ='FBMS-HND LEVEL ONE'!K885 -> 71 | BQ11: ='FBMS-HND LEVEL ONE'!L885 -> B+
A12: 4 | B12: 378423H | C12: Azhinwie Jude Nde | D12: 378423H | E12: ='FBMS-HND LEVEL ONE'!E15 -> 10 | F12: ='FBMS-HND LEVEL ONE'!F15 -> 22 | G12: ='FBMS-HND LEVEL ONE'!J15 -> 45 | H12: ='FBMS-HND LEVEL ONE'!K15 -> 77 | I12: ='FBMS-HND LEVEL ONE'!L15 -> B+ | J12: ='FBMS-HND LEVEL ONE'!E84 -> 10 | K12: ='FBMS-HND LEVEL ONE'!F84 -> 24.5 | L12: ='FBMS-HND LEVEL ONE'!J84 -> 28 | M12: ='FBMS-HND LEVEL ONE'!K84 -> 62.5 | N12: ='FBMS-HND LEVEL ONE'!L84 -> B | O12: ='FBMS-HND LEVEL ONE'!E164 -> 9 | P12: ='FBMS-HND LEVEL ONE'!F164 -> 21 | Q12: ='FBMS-HND LEVEL ONE'!J164 -> 25 | R12: ='FBMS-HND LEVEL ONE'!K164 -> 55 | S12: ='FBMS-HND LEVEL ONE'!L164 -> C+ | T12: ='FBMS-HND LEVEL ONE'!E233 -> 9 | U12: ='FBMS-HND LEVEL ONE'!F233 -> 14 | V12: ='FBMS-HND LEVEL ONE'!J233 -> 35 | W12: ='FBMS-HND LEVEL ONE'!K233 -> 58 | X12: ='FBMS-HND LEVEL ONE'!L233 -> C+ | Y12: ='FBMS-HND LEVEL ONE'!E305 -> 9 | Z12: ='FBMS-HND LEVEL ONE'!F305 -> 18 | AA12: ='FBMS-HND LEVEL ONE'!J305 -> 20 | AB12: ='FBMS-HND LEVEL ONE'!K305 -> 47 | AC12: ='FBMS-HND LEVEL ONE'!L305 -> D+ | AD12: ='FBMS-HND LEVEL ONE'!E376 -> 10 | AE12: ='FBMS-HND LEVEL ONE'!F376 -> 16 | AF12: ='FBMS-HND LEVEL ONE'!J376 -> 37 | AG12: ='FBMS-HND LEVEL ONE'!K376 -> 63 | AH12: ='FBMS-HND LEVEL ONE'!L376 -> B | AI12: ='FBMS-HND LEVEL ONE'!E454 -> 9 | AJ12: ='FBMS-HND LEVEL ONE'!F454 -> 24 | AK12: ='FBMS-HND LEVEL ONE'!J454 -> 40 | AL12: ='FBMS-HND LEVEL ONE'!K454 -> 73 | AM12: ='FBMS-HND LEVEL ONE'!L454 -> B+ | AN12: ='FBMS-HND LEVEL ONE'!E530 -> 10 | AO12: ='FBMS-HND LEVEL ONE'!F530 -> 17 | AP12: ='FBMS-HND LEVEL ONE'!J530 -> 25 | AQ12: ='FBMS-HND LEVEL ONE'!K530 -> 52 | AR12: ='FBMS-HND LEVEL ONE'!L530 -> C | AS12: ='FBMS-HND LEVEL ONE'!E600 -> 10 | AT12: ='FBMS-HND LEVEL ONE'!F600 -> 17 | AU12: ='FBMS-HND LEVEL ONE'!J600 -> 23 | AV12: ='FBMS-HND LEVEL ONE'!K600 -> 50 | AW12: ='FBMS-HND LEVEL ONE'!L600 -> C | AX12: ='FBMS-HND LEVEL ONE'!E671 -> 10 | AY12: ='FBMS-HND LEVEL ONE'!F671 -> 16 | AZ12: ='FBMS-HND LEVEL ONE'!J671 -> 28 | BA12: ='FBMS-HND LEVEL ONE'!K671 -> 54 | BB12: ='FBMS-HND LEVEL ONE'!L671 -> C | BC12: ='FBMS-HND LEVEL ONE'!E746 -> 8 | BD12: ='FBMS-HND LEVEL ONE'!F746 -> 17 | BE12: ='FBMS-HND LEVEL ONE'!J746 -> 43 | BF12: ='FBMS-HND LEVEL ONE'!K746 -> 68 | BG12: ='FBMS-HND LEVEL ONE'!L746 -> B | BH12: ='FBMS-HND LEVEL ONE'!E814 -> 10 | BI12: ='FBMS-HND LEVEL ONE'!F814 -> 26 | BJ12: ='FBMS-HND LEVEL ONE'!J814 -> 18 | BK12: ='FBMS-HND LEVEL ONE'!K814 -> 54 | BL12: ='FBMS-HND LEVEL ONE'!L814 -> C | BM12: ='FBMS-HND LEVEL ONE'!E886 -> 9 | BN12: ='FBMS-HND LEVEL ONE'!F886 -> 17 | BO12: ='FBMS-HND LEVEL ONE'!J886 -> 42 | BP12: ='FBMS-HND LEVEL ONE'!K886 -> 68 | BQ12: ='FBMS-HND LEVEL ONE'!L886 -> B
A13: 5 | B13: 383023H | C13: Bemsimbom consolata ndiwum | D13: 383023H | E13: ='FBMS-HND LEVEL ONE'!E16 -> 10 | F13: ='FBMS-HND LEVEL ONE'!F16 -> 20 | G13: ='FBMS-HND LEVEL ONE'!J16 -> 57 | H13: ='FBMS-HND LEVEL ONE'!K16 -> 87 | I13: ='FBMS-HND LEVEL ONE'!L16 -> A | J13: ='FBMS-HND LEVEL ONE'!E85 -> 10 | K13: ='FBMS-HND LEVEL ONE'!F85 -> 17 | L13: ='FBMS-HND LEVEL ONE'!J85 -> 31 | M13: ='FBMS-HND LEVEL ONE'!K85 -> 58 | N13: ='FBMS-HND LEVEL ONE'!L85 -> C+ | O13: ='FBMS-HND LEVEL ONE'!E165 -> 10 | P13: ='FBMS-HND LEVEL ONE'!F165 -> 26 | Q13: ='FBMS-HND LEVEL ONE'!J165 -> 48 | R13: ='FBMS-HND LEVEL ONE'!K165 -> 84 | S13: ='FBMS-HND LEVEL ONE'!L165 -> A | T13: ='FBMS-HND LEVEL ONE'!E234 -> 9 | U13: ='FBMS-HND LEVEL ONE'!F234 -> 21 | V13: ='FBMS-HND LEVEL ONE'!J234 -> 33 | W13: ='FBMS-HND LEVEL ONE'!K234 -> 63 | X13: ='FBMS-HND LEVEL ONE'!L234 -> B | Y13: ='FBMS-HND LEVEL ONE'!E306 -> 9 | Z13: ='FBMS-HND LEVEL ONE'!F306 -> 20 | AA13: ='FBMS-HND LEVEL ONE'!J306 -> 30 | AB13: ='FBMS-HND LEVEL ONE'!K306 -> 59 | AC13: ='FBMS-HND LEVEL ONE'!L306 -> C+ | AD13: ='FBMS-HND LEVEL ONE'!E377 -> 10 | AE13: ='FBMS-HND LEVEL ONE'!F377 -> 29 | AF13: ='FBMS-HND LEVEL ONE'!J377 -> 18 | AG13: ='FBMS-HND LEVEL ONE'!K377 -> 57 | AH13: ='FBMS-HND LEVEL ONE'!L377 -> C+ | AI13: ='FBMS-HND LEVEL ONE'!E455 -> 9 | AJ13: ='FBMS-HND LEVEL ONE'!F455 -> 21 | AK13: ='FBMS-HND LEVEL ONE'!J455 -> 31 | AL13: ='FBMS-HND LEVEL ONE'!K455 -> 61 | AM13: ='FBMS-HND LEVEL ONE'!L455 -> B | AN13: ='FBMS-HND LEVEL ONE'!E531 -> 9 | AO13: ='FBMS-HND LEVEL ONE'!F531 -> 20 | AP13: ='FBMS-HND LEVEL ONE'!J531 -> 21 | AQ13: ='FBMS-HND LEVEL ONE'!K531 -> 50 | AR13: ='FBMS-HND LEVEL ONE'!L531 -> C | AS13: ='FBMS-HND LEVEL ONE'!E601 -> 10 | AT13: ='FBMS-HND LEVEL ONE'!F601 -> 15 | AU13: ='FBMS-HND LEVEL ONE'!J601 -> 46 | AV13: ='FBMS-HND LEVEL ONE'!K601 -> 71 | AW13: ='FBMS-HND LEVEL ONE'!L601 -> B+ | AX13: ='FBMS-HND LEVEL ONE'!E672 -> 10 | AY13: ='FBMS-HND LEVEL ONE'!F672 -> 21 | AZ13: ='FBMS-HND LEVEL ONE'!J672 -> 46 | BA13: ='FBMS-HND LEVEL ONE'!K672 -> 77 | BB13: ='FBMS-HND LEVEL ONE'!L672 -> B+ | BC13: ='FBMS-HND LEVEL ONE'!E747 -> 8 | BD13: ='FBMS-HND LEVEL ONE'!F747 -> 16 | BE13: ='FBMS-HND LEVEL ONE'!J747 -> 42 | BF13: ='FBMS-HND LEVEL ONE'!K747 -> 66 | BG13: ='FBMS-HND LEVEL ONE'!L747 -> B | BH13: ='FBMS-HND LEVEL ONE'!E815 -> 10 | BI13: ='FBMS-HND LEVEL ONE'!F815 -> 22 | BJ13: ='FBMS-HND LEVEL ONE'!J815 -> 49 | BK13: ='FBMS-HND LEVEL ONE'!K815 -> 81 | BL13: ='FBMS-HND LEVEL ONE'!L815 -> A | BM13: ='FBMS-HND LEVEL ONE'!E887 -> 9 | BN13: ='FBMS-HND LEVEL ONE'!F887 -> 18 | BO13: ='FBMS-HND LEVEL ONE'!J887 -> 44 | BP13: ='FBMS-HND LEVEL ONE'!K887 -> 71 | BQ13: ='FBMS-HND LEVEL ONE'!L887 -> B+
A14: 6 | B14: 382323H | C14: Bih Noela | D14: 382323H | E14: ='FBMS-HND LEVEL ONE'!E17 -> 10 | F14: ='FBMS-HND LEVEL ONE'!F17 -> 23 | G14: ='FBMS-HND LEVEL ONE'!J17 -> 50 | H14: ='FBMS-HND LEVEL ONE'!K17 -> 83 | I14: ='FBMS-HND LEVEL ONE'!L17 -> A | J14: ='FBMS-HND LEVEL ONE'!E86 -> 10 | K14: ='FBMS-HND LEVEL ONE'!F86 -> 27 | L14: ='FBMS-HND LEVEL ONE'!J86 -> 32 | M14: ='FBMS-HND LEVEL ONE'!K86 -> 69 | N14: ='FBMS-HND LEVEL ONE'!L86 -> B | O14: ='FBMS-HND LEVEL ONE'!E166 -> 9 | P14: ='FBMS-HND LEVEL ONE'!F166 -> 20.5 | Q14: ='FBMS-HND LEVEL ONE'!J166 -> 38 | R14: ='FBMS-HND LEVEL ONE'!K166 -> 67.5 | S14: ='FBMS-HND LEVEL ONE'!L166 -> B | T14: ='FBMS-HND LEVEL ONE'!E235 -> 10 | U14: ='FBMS-HND LEVEL ONE'!F235 -> 20 | V14: ='FBMS-HND LEVEL ONE'!J235 -> 35 | W14: ='FBMS-HND LEVEL ONE'!K235 -> 65 | X14: ='FBMS-HND LEVEL ONE'!L235 -> B | Y14: ='FBMS-HND LEVEL ONE'!E307 -> 10 | Z14: ='FBMS-HND LEVEL ONE'!F307 -> 15 | AA14: ='FBMS-HND LEVEL ONE'!J307 -> 31 | AB14: ='FBMS-HND LEVEL ONE'!K307 -> 56 | AC14: ='FBMS-HND LEVEL ONE'!L307 -> C+ | AD14: ='FBMS-HND LEVEL ONE'!E378 -> 10 | AE14: ='FBMS-HND LEVEL ONE'!F378 -> 24 | AF14: ='FBMS-HND LEVEL ONE'!J378 -> 46 | AG14: ='FBMS-HND LEVEL ONE'!K378 -> 80 | AH14: ='FBMS-HND LEVEL ONE'!L378 -> A | AI14: ='FBMS-HND LEVEL ONE'!E456 -> 10 | AJ14: ='FBMS-HND LEVEL ONE'!F456 -> 26 | AK14: ='FBMS-HND LEVEL ONE'!J456 -> 47 | AL14: ='FBMS-HND LEVEL ONE'!K456 -> 83 | AM14: ='FBMS-HND LEVEL ONE'!L456 -> A | AN14: ='FBMS-HND LEVEL ONE'!E532 -> 10 | AO14: ='FBMS-HND LEVEL ONE'!F532 -> 24 | AP14: ='FBMS-HND LEVEL ONE'!J532 -> 37 | AQ14: ='FBMS-HND LEVEL ONE'!K532 -> 71 | AR14: ='FBMS-HND LEVEL ONE'!L532 -> B+ | AS14: ='FBMS-HND LEVEL ONE'!E602 -> 10 | AT14: ='FBMS-HND LEVEL ONE'!F602 -> 15 | AU14: ='FBMS-HND LEVEL ONE'!J602 -> 45 | AV14: ='FBMS-HND LEVEL ONE'!K602 -> 70 | AW14: ='FBMS-HND LEVEL ONE'!L602 -> B+ | AX14: ='FBMS-HND LEVEL ONE'!E673 -> 10 | AY14: ='FBMS-HND LEVEL ONE'!F673 -> 26 | AZ14: ='FBMS-HND LEVEL ONE'!J673 -> 38 | BA14: ='FBMS-HND LEVEL ONE'!K673 -> 74 | BB14: ='FBMS-HND LEVEL ONE'!L673 -> B+ | BC14: ='FBMS-HND LEVEL ONE'!E748 -> 8 | BD14: ='FBMS-HND LEVEL ONE'!F748 -> 19 | BE14: ='FBMS-HND LEVEL ONE'!J748 -> 23 | BF14: ='FBMS-HND LEVEL ONE'!K748 -> 50 | BG14: ='FBMS-HND LEVEL ONE'!L748 -> C | BH14: ='FBMS-HND LEVEL ONE'!E816 -> 10 | BI14: ='FBMS-HND LEVEL ONE'!F816 -> 25 | BJ14: ='FBMS-HND LEVEL ONE'!J816 -> 40 | BK14: ='FBMS-HND LEVEL ONE'!K816 -> 75 | BL14: ='FBMS-HND LEVEL ONE'!L816 -> B+ | BM14: ='FBMS-HND LEVEL ONE'!E888 -> 10 | BN14: ='FBMS-HND LEVEL ONE'!F888 -> 21 | BO14: ='FBMS-HND LEVEL ONE'!J888 -> 42 | BP14: ='FBMS-HND LEVEL ONE'!K888 -> 73 | BQ14: ='FBMS-HND LEVEL ONE'!L888 -> B+
A15: 7 | B15: 378223H | C15: Bobga Genevieve Nahlelah | D15: 378223H | E15: ='FBMS-HND LEVEL ONE'!E18 -> 10 | F15: ='FBMS-HND LEVEL ONE'!F18 -> 12 | G15: ='FBMS-HND LEVEL ONE'!J18 -> 17 | H15: ='FBMS-HND LEVEL ONE'!K18 -> 39 | I15: ='FBMS-HND LEVEL ONE'!L18 -> F | J15: ='FBMS-HND LEVEL ONE'!E87 -> 9 | K15: ='FBMS-HND LEVEL ONE'!F87 -> 28 | L15: ='FBMS-HND LEVEL ONE'!J87 -> 15 | M15: ='FBMS-HND LEVEL ONE'!K87 -> 52 | N15: ='FBMS-HND LEVEL ONE'!L87 -> C | O15: ='FBMS-HND LEVEL ONE'!E167 -> 9 | P15: ='FBMS-HND LEVEL ONE'!F167 -> 13 | Q15: ='FBMS-HND LEVEL ONE'!J167 -> 25 | R15: ='FBMS-HND LEVEL ONE'!K167 -> 47 | S15: ='FBMS-HND LEVEL ONE'!L167 -> D+ | T15: ='FBMS-HND LEVEL ONE'!E236 -> 10 | U15: ='FBMS-HND LEVEL ONE'!F236 -> 24 | V15: ='FBMS-HND LEVEL ONE'!J236 -> 22 | W15: ='FBMS-HND LEVEL ONE'!K236 -> 56 | X15: ='FBMS-HND LEVEL ONE'!L236 -> C+ | Y15: ='FBMS-HND LEVEL ONE'!E308 -> 10 | Z15: ='FBMS-HND LEVEL ONE'!F308 -> 9 | AA15: ='FBMS-HND LEVEL ONE'!J308 -> 15 | AB15: ='FBMS-HND LEVEL ONE'!K308 -> 34 | AC15: ='FBMS-HND LEVEL ONE'!L308 -> F | AD15: ='FBMS-HND LEVEL ONE'!E379 -> 10 | AE15: ='FBMS-HND LEVEL ONE'!F379 -> 17 | AF15: ='FBMS-HND LEVEL ONE'!J379 -> 37 | AG15: ='FBMS-HND LEVEL ONE'!K379 -> 64 | AH15: ='FBMS-HND LEVEL ONE'!L379 -> B | AI15: ='FBMS-HND LEVEL ONE'!E457 -> 10 | AJ15: ='FBMS-HND LEVEL ONE'!F457 -> 22 | AK15: ='FBMS-HND LEVEL ONE'!J457 -> 35 | AL15: ='FBMS-HND LEVEL ONE'!K457 -> 67 | AM15: ='FBMS-HND LEVEL ONE'!L457 -> B | AN15: ='FBMS-HND LEVEL ONE'!E533 -> 10 | AO15: ='FBMS-HND LEVEL ONE'!F533 -> 26 | AP15: ='FBMS-HND LEVEL ONE'!J533 -> 44 | AQ15: ='FBMS-HND LEVEL ONE'!K533 -> 80 | AR15: ='FBMS-HND LEVEL ONE'!L533 -> A | AS15: ='FBMS-HND LEVEL ONE'!E603 -> 10 | AT15: ='FBMS-HND LEVEL ONE'!F603 -> 16 | AU15: ='FBMS-HND LEVEL ONE'!J603 -> 40 | AV15: ='FBMS-HND LEVEL ONE'!K603 -> 66 | AW15: ='FBMS-HND LEVEL ONE'!L603 -> B | AX15: ='FBMS-HND LEVEL ONE'!E674 -> 10 | AY15: ='FBMS-HND LEVEL ONE'!F674 -> 12 | AZ15: ='FBMS-HND LEVEL ONE'!J674 -> 6 | BA15: ='FBMS-HND LEVEL ONE'!K674 -> 28 | BB15: ='FBMS-HND LEVEL ONE'!L674 -> F | BC15: ='FBMS-HND LEVEL ONE'!E749 -> 8 | BD15: ='FBMS-HND LEVEL ONE'!F749 -> 13 | BE15: ='FBMS-HND LEVEL ONE'!J749 -> 42 | BF15: ='FBMS-HND LEVEL ONE'!K749 -> 63 | BG15: ='FBMS-HND LEVEL ONE'!L749 -> B | BH15: ='FBMS-HND LEVEL ONE'!E817 -> 10 | BI15: ='FBMS-HND LEVEL ONE'!F817 -> 25 | BJ15: ='FBMS-HND LEVEL ONE'!J817 -> 45 | BK15: ='FBMS-HND LEVEL ONE'!K817 -> 80 | BL15: ='FBMS-HND LEVEL ONE'!L817 -> A | BM15: ='FBMS-HND LEVEL ONE'!E889 -> 10 | BN15: ='FBMS-HND LEVEL ONE'!F889 -> 20 | BO15: ='FBMS-HND LEVEL ONE'!J889 -> 41 | BP15: ='FBMS-HND LEVEL ONE'!K889 -> 71 | BQ15: ='FBMS-HND LEVEL ONE'!L889 -> B+
A16: 8 | B16: 376823H | C16: Chendze Adel Akwanwi | D16: 376823H | E16: ='FBMS-HND LEVEL ONE'!E19 -> 9 | F16: ='FBMS-HND LEVEL ONE'!F19 -> 23 | G16: ='FBMS-HND LEVEL ONE'!J19 -> 54 | H16: ='FBMS-HND LEVEL ONE'!K19 -> 86 | I16: ='FBMS-HND LEVEL ONE'!L19 -> A | J16: ='FBMS-HND LEVEL ONE'!E88 -> 8 | K16: ='FBMS-HND LEVEL ONE'!F88 -> 24 | L16: ='FBMS-HND LEVEL ONE'!J88 -> 33 | M16: ='FBMS-HND LEVEL ONE'!K88 -> 65 | N16: ='FBMS-HND LEVEL ONE'!L88 -> B | O16: ='FBMS-HND LEVEL ONE'!E168 -> 10 | P16: ='FBMS-HND LEVEL ONE'!F168 -> 23 | Q16: ='FBMS-HND LEVEL ONE'!J168 -> 29 | R16: ='FBMS-HND LEVEL ONE'!K168 -> 62 | S16: ='FBMS-HND LEVEL ONE'!L168 -> B | T16: ='FBMS-HND LEVEL ONE'!E237 -> 9 | U16: ='FBMS-HND LEVEL ONE'!F237 -> 25 | V16: ='FBMS-HND LEVEL ONE'!J237 -> 36 | W16: ='FBMS-HND LEVEL ONE'!K237 -> 70 | X16: ='FBMS-HND LEVEL ONE'!L237 -> B+ | Y16: ='FBMS-HND LEVEL ONE'!E309 -> 8 | Z16: ='FBMS-HND LEVEL ONE'!F309 -> 20 | AA16: ='FBMS-HND LEVEL ONE'!J309 -> 30 | AB16: ='FBMS-HND LEVEL ONE'!K309 -> 58 | AC16: ='FBMS-HND LEVEL ONE'!L309 -> C+ | AD16: ='FBMS-HND LEVEL ONE'!E380 -> 8 | AE16: ='FBMS-HND LEVEL ONE'!F380 -> 18 | AF16: ='FBMS-HND LEVEL ONE'!J380 -> 46 | AG16: ='FBMS-HND LEVEL ONE'!K380 -> 72 | AH16: ='FBMS-HND LEVEL ONE'!L380 -> B+ | AI16: ='FBMS-HND LEVEL ONE'!E458 -> 9 | AJ16: ='FBMS-HND LEVEL ONE'!F458 -> 23 | AK16: ='FBMS-HND LEVEL ONE'!J458 -> 29 | AL16: ='FBMS-HND LEVEL ONE'!K458 -> 61 | AM16: ='FBMS-HND LEVEL ONE'!L458 -> B | AN16: ='FBMS-HND LEVEL ONE'!E534 -> 9 | AO16: ='FBMS-HND LEVEL ONE'!F534 -> 23 | AP16: ='FBMS-HND LEVEL ONE'!J534 -> 31 | AQ16: ='FBMS-HND LEVEL ONE'!K534 -> 63 | AR16: ='FBMS-HND LEVEL ONE'!L534 -> B | AS16: ='FBMS-HND LEVEL ONE'!E604 -> 10 | AT16: ='FBMS-HND LEVEL ONE'!F604 -> 18 | AU16: ='FBMS-HND LEVEL ONE'!J604 -> 43 | AV16: ='FBMS-HND LEVEL ONE'!K604 -> 71 | AW16: ='FBMS-HND LEVEL ONE'!L604 -> B+ | AX16: ='FBMS-HND LEVEL ONE'!E675 -> 10 | AY16: ='FBMS-HND LEVEL ONE'!F675 -> 14 | AZ16: ='FBMS-HND LEVEL ONE'!J675 -> 38 | BA16: ='FBMS-HND LEVEL ONE'!K675 -> 62 | BB16: ='FBMS-HND LEVEL ONE'!L675 -> B | BC16: ='FBMS-HND LEVEL ONE'!E750 -> 8 | BD16: ='FBMS-HND LEVEL ONE'!F750 -> 22 | BE16: ='FBMS-HND LEVEL ONE'!J750 -> 46 | BF16: ='FBMS-HND LEVEL ONE'!K750 -> 76 | BG16: ='FBMS-HND LEVEL ONE'!L750 -> B+ | BH16: ='FBMS-HND LEVEL ONE'!E818 -> 10 | BI16: ='FBMS-HND LEVEL ONE'!F818 -> 26 | BJ16: ='FBMS-HND LEVEL ONE'!J818 -> 53 | BK16: ='FBMS-HND LEVEL ONE'!K818 -> 89 | BL16: ='FBMS-HND LEVEL ONE'!L818 -> A | BM16: ='FBMS-HND LEVEL ONE'!E890 -> 10 | BN16: ='FBMS-HND LEVEL ONE'!F890 -> 20 | BO16: ='FBMS-HND LEVEL ONE'!J890 -> 44 | BP16: ='FBMS-HND LEVEL ONE'!K890 -> 74 | BQ16: ='FBMS-HND LEVEL ONE'!L890 -> B+
A17: 9 | B17: 382423H | C17: Chi Favor Nangah | D17: 382423H | E17: ='FBMS-HND LEVEL ONE'!E20 -> 9 | F17: ='FBMS-HND LEVEL ONE'!F20 -> 23 | G17: ='FBMS-HND LEVEL ONE'!J20 -> 57 | H17: ='FBMS-HND LEVEL ONE'!K20 -> 89 | I17: ='FBMS-HND LEVEL ONE'!L20 -> A | J17: ='FBMS-HND LEVEL ONE'!E89 -> 10 | K17: ='FBMS-HND LEVEL ONE'!F89 -> 28 | L17: ='FBMS-HND LEVEL ONE'!J89 -> 46 | M17: ='FBMS-HND LEVEL ONE'!K89 -> 84 | N17: ='FBMS-HND LEVEL ONE'!L89 -> A | O17: ='FBMS-HND LEVEL ONE'!E169 -> 10 | P17: ='FBMS-HND LEVEL ONE'!F169 -> 27.5 | Q17: ='FBMS-HND LEVEL ONE'!J169 -> 42 | R17: ='FBMS-HND LEVEL ONE'!K169 -> 79.5 | S17: ='FBMS-HND LEVEL ONE'!L169 -> B+ | T17: ='FBMS-HND LEVEL ONE'!E238 -> 10 | U17: ='FBMS-HND LEVEL ONE'!F238 -> 26 | V17: ='FBMS-HND LEVEL ONE'!J238 -> 36 | W17: ='FBMS-HND LEVEL ONE'!K238 -> 72 | X17: ='FBMS-HND LEVEL ONE'!L238 -> B+ | Y17: ='FBMS-HND LEVEL ONE'!E310 -> 10 | Z17: ='FBMS-HND LEVEL ONE'!F310 -> 16 | AA17: ='FBMS-HND LEVEL ONE'!J310 -> 45 | AB17: ='FBMS-HND LEVEL ONE'!K310 -> 71 | AC17: ='FBMS-HND LEVEL ONE'!L310 -> B+ | AD17: ='FBMS-HND LEVEL ONE'!E381 -> 10 | AE17: ='FBMS-HND LEVEL ONE'!F381 -> 27 | AF17: ='FBMS-HND LEVEL ONE'!J381 -> 48 | AG17: ='FBMS-HND LEVEL ONE'!K381 -> 85 | AH17: ='FBMS-HND LEVEL ONE'!L381 -> A | AI17: ='FBMS-HND LEVEL ONE'!E459 -> 10 | AJ17: ='FBMS-HND LEVEL ONE'!F459 -> 29 | AK17: ='FBMS-HND LEVEL ONE'!J459 -> 50 | AL17: ='FBMS-HND LEVEL ONE'!K459 -> 89 | AM17: ='FBMS-HND LEVEL ONE'!L459 -> A | AN17: ='FBMS-HND LEVEL ONE'!E535 -> 10 | AO17: ='FBMS-HND LEVEL ONE'!F535 -> 26.5 | AP17: ='FBMS-HND LEVEL ONE'!J535 -> 46 | AQ17: ='FBMS-HND LEVEL ONE'!K535 -> 82.5 | AR17: ='FBMS-HND LEVEL ONE'!L535 -> A | AS17: ='FBMS-HND LEVEL ONE'!E605 -> 10 | AT17: ='FBMS-HND LEVEL ONE'!F605 -> 15 | AU17: ='FBMS-HND LEVEL ONE'!J605 -> 40 | AV17: ='FBMS-HND LEVEL ONE'!K605 -> 65 | AW17: ='FBMS-HND LEVEL ONE'!L605 -> B | AX17: ='FBMS-HND LEVEL ONE'!E676 -> 10 | AY17: ='FBMS-HND LEVEL ONE'!F676 -> 22 | AZ17: ='FBMS-HND LEVEL ONE'!J676 -> 45 | BA17: ='FBMS-HND LEVEL ONE'!K676 -> 77 | BB17: ='FBMS-HND LEVEL ONE'!L676 -> B+ | BC17: ='FBMS-HND LEVEL ONE'!E751 -> 8 | BD17: ='FBMS-HND LEVEL ONE'!F751 -> 13 | BE17: ='FBMS-HND LEVEL ONE'!J751 -> 40 | BF17: ='FBMS-HND LEVEL ONE'!K751 -> 61 | BG17: ='FBMS-HND LEVEL ONE'!L751 -> B | BH17: ='FBMS-HND LEVEL ONE'!E819 -> 10 | BI17: ='FBMS-HND LEVEL ONE'!F819 -> 22 | BJ17: ='FBMS-HND LEVEL ONE'!J819 -> 40 | BK17: ='FBMS-HND LEVEL ONE'!K819 -> 72 | BL17: ='FBMS-HND LEVEL ONE'!L819 -> B+ | BM17: ='FBMS-HND LEVEL ONE'!E891 -> 10 | BN17: ='FBMS-HND LEVEL ONE'!F891 -> 21 | BO17: ='FBMS-HND LEVEL ONE'!J891 -> 45 | BP17: ='FBMS-HND LEVEL ONE'!K891 -> 76 | BQ17: ='FBMS-HND LEVEL ONE'!L891 -> B+
A18: 10 | B18: 377523H | C18: Djouka Pouokam Dolie Stella | D18: 377523H | E18: ='FBMS-HND LEVEL ONE'!E21 -> 9 | F18: ='FBMS-HND LEVEL ONE'!F21 -> 20 | G18: ='FBMS-HND LEVEL ONE'!J21 -> 17 | H18: ='FBMS-HND LEVEL ONE'!K21 -> 46 | I18: ='FBMS-HND LEVEL ONE'!L21 -> D+ | J18: ='FBMS-HND LEVEL ONE'!E90 -> 9 | K18: ='FBMS-HND LEVEL ONE'!F90 -> 26 | L18: ='FBMS-HND LEVEL ONE'!J90 -> 12 | M18: ='FBMS-HND LEVEL ONE'!K90 -> 47 | N18: ='FBMS-HND LEVEL ONE'!L90 -> D+ | O18: ='FBMS-HND LEVEL ONE'!E170 -> 10 | P18: ='FBMS-HND LEVEL ONE'!F170 -> 25 | Q18: ='FBMS-HND LEVEL ONE'!J170 -> 8 | R18: ='FBMS-HND LEVEL ONE'!K170 -> 43 | S18: ='FBMS-HND LEVEL ONE'!L170 -> D | T18: ='FBMS-HND LEVEL ONE'!E239 -> 9 | U18: ='FBMS-HND LEVEL ONE'!F239 -> 13 | V18: ='FBMS-HND LEVEL ONE'!J239 -> 39 | W18: ='FBMS-HND LEVEL ONE'!K239 -> 61 | X18: ='FBMS-HND LEVEL ONE'!L239 -> B | Y18: ='FBMS-HND LEVEL ONE'!E311 -> 10 | Z18: ='FBMS-HND LEVEL ONE'!F311 -> 10 | AA18: ='FBMS-HND LEVEL ONE'!J311 -> 19 | AB18: ='FBMS-HND LEVEL ONE'!K311 -> 39 | AC18: ='FBMS-HND LEVEL ONE'!L311 -> F | AD18: ='FBMS-HND LEVEL ONE'!E382 -> 10 | AE18: ='FBMS-HND LEVEL ONE'!F382 -> 13 | AF18: ='FBMS-HND LEVEL ONE'!J382 -> 19 | AG18: ='FBMS-HND LEVEL ONE'!K382 -> 42 | AH18: ='FBMS-HND LEVEL ONE'!L382 -> D | AI18: ='FBMS-HND LEVEL ONE'!E460 -> 10 | AJ18: ='FBMS-HND LEVEL ONE'!F460 -> 19 | AK18: ='FBMS-HND LEVEL ONE'!J460 -> 18 | AL18: ='FBMS-HND LEVEL ONE'!K460 -> 47 | AM18: ='FBMS-HND LEVEL ONE'!L460 -> D+ | AN18: ='FBMS-HND LEVEL ONE'!E536 -> 10 | AO18: ='FBMS-HND LEVEL ONE'!F536 -> 17 | AP18: ='FBMS-HND LEVEL ONE'!J536 -> 16 | AQ18: ='FBMS-HND LEVEL ONE'!K536 -> 43 | AR18: ='FBMS-HND LEVEL ONE'!L536 -> D | AS18: ='FBMS-HND LEVEL ONE'!E606 -> 10 | AT18: ='FBMS-HND LEVEL ONE'!F606 -> 15 | AU18: ='FBMS-HND LEVEL ONE'!J606 -> 15 | AV18: ='FBMS-HND LEVEL ONE'!K606 -> 40 | AW18: ='FBMS-HND LEVEL ONE'!L606 -> D | AX18: ='FBMS-HND LEVEL ONE'!E677 -> 10 | AY18: ='FBMS-HND LEVEL ONE'!F677 -> 11 | AZ18: ='FBMS-HND LEVEL ONE'!J677 -> 4 | BA18: ='FBMS-HND LEVEL ONE'!K677 -> 25 | BB18: ='FBMS-HND LEVEL ONE'!L677 -> F | BC18: ='FBMS-HND LEVEL ONE'!E752 -> 8 | BD18: ='FBMS-HND LEVEL ONE'!F752 -> 15 | BE18: ='FBMS-HND LEVEL ONE'!J752 -> 36 | BF18: ='FBMS-HND LEVEL ONE'!K752 -> 59 | BG18: ='FBMS-HND LEVEL ONE'!L752 -> C+ | BH18: ='FBMS-HND LEVEL ONE'!E820 -> 10 | BI18: ='FBMS-HND LEVEL ONE'!F820 -> 25 | BJ18: ='FBMS-HND LEVEL ONE'!J820 -> 10 | BK18: ='FBMS-HND LEVEL ONE'!K820 -> 45 | BL18: ='FBMS-HND LEVEL ONE'!L820 -> D+ | BM18: ='FBMS-HND LEVEL ONE'!E892 -> 10 | BN18: ='FBMS-HND LEVEL ONE'!F892 -> 23 | BO18: ='FBMS-HND LEVEL ONE'!J892 -> 33 | BP18: ='FBMS-HND LEVEL ONE'!K892 -> 66 | BQ18: ='FBMS-HND LEVEL ONE'!L892 -> B
A19: 11 | B19: 381623H | C19: Fonah Favour Ngongmene | D19: 381623H | E19: ='FBMS-HND LEVEL ONE'!E22 -> 10 | F19: ='FBMS-HND LEVEL ONE'!F22 -> 24 | G19: ='FBMS-HND LEVEL ONE'!J22 -> 42 | H19: ='FBMS-HND LEVEL ONE'!K22 -> 76 | I19: ='FBMS-HND LEVEL ONE'!L22 -> B+ | J19: ='FBMS-HND LEVEL ONE'!E91 -> 10 | K19: ='FBMS-HND LEVEL ONE'!F91 -> 27 | L19: ='FBMS-HND LEVEL ONE'!J91 -> 50 | M19: ='FBMS-HND LEVEL ONE'!K91 -> 87 | N19: ='FBMS-HND LEVEL ONE'!L91 -> A | O19: ='FBMS-HND LEVEL ONE'!E171 -> 10 | P19: ='FBMS-HND LEVEL ONE'!F171 -> 27 | Q19: ='FBMS-HND LEVEL ONE'!J171 -> 36 | R19: ='FBMS-HND LEVEL ONE'!K171 -> 73 | S19: ='FBMS-HND LEVEL ONE'!L171 -> B+ | T19: ='FBMS-HND LEVEL ONE'!E240 -> 10 | U19: ='FBMS-HND LEVEL ONE'!F240 -> 25 | V19: ='FBMS-HND LEVEL ONE'!J240 -> 44 | W19: ='FBMS-HND LEVEL ONE'!K240 -> 79 | X19: ='FBMS-HND LEVEL ONE'!L240 -> B+ | Y19: ='FBMS-HND LEVEL ONE'!E312 -> 10 | Z19: ='FBMS-HND LEVEL ONE'!F312 -> 23 | AA19: ='FBMS-HND LEVEL ONE'!J312 -> 37 | AB19: ='FBMS-HND LEVEL ONE'!K312 -> 70 | AC19: ='FBMS-HND LEVEL ONE'!L312 -> B+ | AD19: ='FBMS-HND LEVEL ONE'!E383 -> 10 | AE19: ='FBMS-HND LEVEL ONE'!F383 -> 27 | AF19: ='FBMS-HND LEVEL ONE'!J383 -> 44 | AG19: ='FBMS-HND LEVEL ONE'!K383 -> 81 | AH19: ='FBMS-HND LEVEL ONE'!L383 -> A | AI19: ='FBMS-HND LEVEL ONE'!E461 -> 10 | AJ19: ='FBMS-HND LEVEL ONE'!F461 -> 29 | AK19: ='FBMS-HND LEVEL ONE'!J461 -> 46 | AL19: ='FBMS-HND LEVEL ONE'!K461 -> 85 | AM19: ='FBMS-HND LEVEL ONE'!L461 -> A | AN19: ='FBMS-HND LEVEL ONE'!E537 -> 10 | AO19: ='FBMS-HND LEVEL ONE'!F537 -> 23 | AP19: ='FBMS-HND LEVEL ONE'!J537 -> 42 | AQ19: ='FBMS-HND LEVEL ONE'!K537 -> 75 | AR19: ='FBMS-HND LEVEL ONE'!L537 -> B+ | AS19: ='FBMS-HND LEVEL ONE'!E607 -> 10 | AT19: ='FBMS-HND LEVEL ONE'!F607 -> 16 | AU19: ='FBMS-HND LEVEL ONE'!J607 -> 51 | AV19: ='FBMS-HND LEVEL ONE'!K607 -> 77 | AW19: ='FBMS-HND LEVEL ONE'!L607 -> B+ | AX19: ='FBMS-HND LEVEL ONE'!E678 -> 10 | AY19: ='FBMS-HND LEVEL ONE'!F678 -> 26 | AZ19: ='FBMS-HND LEVEL ONE'!J678 -> 54 | BA19: ='FBMS-HND LEVEL ONE'!K678 -> 90 | BB19: ='FBMS-HND LEVEL ONE'!L678 -> A | BC19: ='FBMS-HND LEVEL ONE'!E753 -> 8 | BD19: ='FBMS-HND LEVEL ONE'!F753 -> 15 | BE19: ='FBMS-HND LEVEL ONE'!J753 -> 21 | BF19: ='FBMS-HND LEVEL ONE'!K753 -> 44 | BG19: ='FBMS-HND LEVEL ONE'!L753 -> D | BH19: ='FBMS-HND LEVEL ONE'!E821 -> 10 | BI19: ='FBMS-HND LEVEL ONE'!F821 -> 26 | BJ19: ='FBMS-HND LEVEL ONE'!J821 -> 52 | BK19: ='FBMS-HND LEVEL ONE'!K821 -> 88 | BL19: ='FBMS-HND LEVEL ONE'!L821 -> A | BM19: ='FBMS-HND LEVEL ONE'!E893 -> 10 | BN19: ='FBMS-HND LEVEL ONE'!F893 -> 22 | BO19: ='FBMS-HND LEVEL ONE'!J893 -> 45 | BP19: ='FBMS-HND LEVEL ONE'!K893 -> 77 | BQ19: ='FBMS-HND LEVEL ONE'!L893 -> B+
A20: 12 | B20: 380923H | C20: Forcham Emmanuel Forgwe | D20: 380923H | E20: ='FBMS-HND LEVEL ONE'!E23 -> 9 | F20: ='FBMS-HND LEVEL ONE'!F23 -> 13 | G20: ='FBMS-HND LEVEL ONE'!J23 -> 28 | H20: ='FBMS-HND LEVEL ONE'!K23 -> 50 | I20: ='FBMS-HND LEVEL ONE'!L23 -> C | J20: ='FBMS-HND LEVEL ONE'!E92 -> 10 | K20: ='FBMS-HND LEVEL ONE'!F92 -> 17 | L20: ='FBMS-HND LEVEL ONE'!J92 -> 31 | M20: ='FBMS-HND LEVEL ONE'!K92 -> 58 | N20: ='FBMS-HND LEVEL ONE'!L92 -> C+ | O20: ='FBMS-HND LEVEL ONE'!E172 -> 10 | P20: ='FBMS-HND LEVEL ONE'!F172 -> 15 | Q20: ='FBMS-HND LEVEL ONE'!J172 -> 25 | R20: ='FBMS-HND LEVEL ONE'!K172 -> 50 | S20: ='FBMS-HND LEVEL ONE'!L172 -> C | T20: ='FBMS-HND LEVEL ONE'!E241 -> 10 | U20: ='FBMS-HND LEVEL ONE'!F241 -> 23 | V20: ='FBMS-HND LEVEL ONE'!J241 -> 27 | W20: ='FBMS-HND LEVEL ONE'!K241 -> 60 | X20: ='FBMS-HND LEVEL ONE'!L241 -> B | Y20: ='FBMS-HND LEVEL ONE'!E313 -> 10 | Z20: ='FBMS-HND LEVEL ONE'!F313 -> 12 | AA20: ='FBMS-HND LEVEL ONE'!J313 -> 30 | AB20: ='FBMS-HND LEVEL ONE'!K313 -> 52 | AC20: ='FBMS-HND LEVEL ONE'!L313 -> C | AD20: ='FBMS-HND LEVEL ONE'!E384 -> 10 | AE20: ='FBMS-HND LEVEL ONE'!F384 -> 15 | AF20: ='FBMS-HND LEVEL ONE'!J384 -> 29 | AG20: ='FBMS-HND LEVEL ONE'!K384 -> 54 | AH20: ='FBMS-HND LEVEL ONE'!L384 -> C | AI20: ='FBMS-HND LEVEL ONE'!E462 -> 10 | AJ20: ='FBMS-HND LEVEL ONE'!F462 -> 29 | AK20: ='FBMS-HND LEVEL ONE'!J462 -> 39 | AL20: ='FBMS-HND LEVEL ONE'!K462 -> 78 | AM20: ='FBMS-HND LEVEL ONE'!L462 -> B+ | AN20: ='FBMS-HND LEVEL ONE'!E538 -> 10 | AO20: ='FBMS-HND LEVEL ONE'!F538 -> 13 | AP20: ='FBMS-HND LEVEL ONE'!J538 -> 30 | AQ20: ='FBMS-HND LEVEL ONE'!K538 -> 53 | AR20: ='FBMS-HND LEVEL ONE'!L538 -> C | AS20: ='FBMS-HND LEVEL ONE'!E608 -> 10 | AT20: ='FBMS-HND LEVEL ONE'!F608 -> 15 | AU20: ='FBMS-HND LEVEL ONE'!J608 -> 40 | AV20: ='FBMS-HND LEVEL ONE'!K608 -> 65 | AW20: ='FBMS-HND LEVEL ONE'!L608 -> B | AX20: ='FBMS-HND LEVEL ONE'!E679 -> 10 | AY20: ='FBMS-HND LEVEL ONE'!F679 -> 21 | AZ20: ='FBMS-HND LEVEL ONE'!J679 -> 36 | BA20: ='FBMS-HND LEVEL ONE'!K679 -> 67 | BB20: ='FBMS-HND LEVEL ONE'!L679 -> B | BC20: ='FBMS-HND LEVEL ONE'!E754 -> 8 | BD20: ='FBMS-HND LEVEL ONE'!F754 -> 25 | BE20: ='FBMS-HND LEVEL ONE'!J754 -> 17 | BF20: ='FBMS-HND LEVEL ONE'!K754 -> 50 | BG20: ='FBMS-HND LEVEL ONE'!L754 -> C | BH20: ='FBMS-HND LEVEL ONE'!E822 -> 9 | BI20: ='FBMS-HND LEVEL ONE'!F822 -> 22 | BJ20: ='FBMS-HND LEVEL ONE'!J822 -> 39 | BK20: ='FBMS-HND LEVEL ONE'!K822 -> 70 | BL20: ='FBMS-HND LEVEL ONE'!L822 -> B+ | BM20: ='FBMS-HND LEVEL ONE'!E894 -> 10 | BN20: ='FBMS-HND LEVEL ONE'!F894 -> 17 | BO20: ='FBMS-HND LEVEL ONE'!J894 -> 30 | BP20: ='FBMS-HND LEVEL ONE'!K894 -> 57 | BQ20: ='FBMS-HND LEVEL ONE'!L894 -> C+
... A35: 27 | B35: 381423H | C35: Nkwelong Elizabeth Ebombe | D35: 381423H | E35: ='FBMS-HND LEVEL ONE'!E38 -> 10 | F35: ='FBMS-HND LEVEL ONE'!F38 -> 19 | G35: ='FBMS-HND LEVEL ONE'!J38 -> 42 | H35: ='FBMS-HND LEVEL ONE'!K38 -> 71 | I35: ='FBMS-HND LEVEL ONE'!L38 -> B+ | J35: ='FBMS-HND LEVEL ONE'!E107 -> 10 | K35: ='FBMS-HND LEVEL ONE'!F107 -> 26.5 | L35: ='FBMS-HND LEVEL ONE'!J107 -> 43 | M35: ='FBMS-HND LEVEL ONE'!K107 -> 79.5 | N35: ='FBMS-HND LEVEL ONE'!L107 -> B+ | O35: ='FBMS-HND LEVEL ONE'!E187 -> 10 | P35: ='FBMS-HND LEVEL ONE'!F187 -> 23 | Q35: ='FBMS-HND LEVEL ONE'!J187 -> 36 | R35: ='FBMS-HND LEVEL ONE'!K187 -> 69 | S35: ='FBMS-HND LEVEL ONE'!L187 -> B | T35: ='FBMS-HND LEVEL ONE'!E256 -> 10 | U35: ='FBMS-HND LEVEL ONE'!F256 -> 21 | V35: ='FBMS-HND LEVEL ONE'!J256 -> 41 | W35: ='FBMS-HND LEVEL ONE'!K256 -> 72 | X35: ='FBMS-HND LEVEL ONE'!L256 -> B+ | Y35: ='FBMS-HND LEVEL ONE'!E328 -> 10 | Z35: ='FBMS-HND LEVEL ONE'!F328 -> 14 | AA35: ='FBMS-HND LEVEL ONE'!J328 -> 30 | AB35: ='FBMS-HND LEVEL ONE'!K328 -> 54 | AC35: ='FBMS-HND LEVEL ONE'!L328 -> C | AD35: ='FBMS-HND LEVEL ONE'!E399 -> 10 | AE35: ='FBMS-HND LEVEL ONE'!F399 -> 29 | AF35: ='FBMS-HND LEVEL ONE'!J399 -> 42 | AG35: ='FBMS-HND LEVEL ONE'!K399 -> 81 | AH35: ='FBMS-HND LEVEL ONE'!L399 -> A | AI35: ='FBMS-HND LEVEL ONE'!E477 -> 10 | AJ35: ='FBMS-HND LEVEL ONE'!F477 -> 27 | AK35: ='FBMS-HND LEVEL ONE'!J477 -> 29 | AL35: ='FBMS-HND LEVEL ONE'!K477 -> 66 | AM35: ='FBMS-HND LEVEL ONE'!L477 -> B | AN35: ='FBMS-HND LEVEL ONE'!E553 -> 10 | AO35: ='FBMS-HND LEVEL ONE'!F553 -> 23 | AP35: ='FBMS-HND LEVEL ONE'!J553 -> 49 | AQ35: ='FBMS-HND LEVEL ONE'!K553 -> 82 | AR35: ='FBMS-HND LEVEL ONE'!L553 -> A | AS35: ='FBMS-HND LEVEL ONE'!E623 -> 10 | AT35: ='FBMS-HND LEVEL ONE'!F623 -> 17 | AU35: ='FBMS-HND LEVEL ONE'!J623 -> 41 | AV35: ='FBMS-HND LEVEL ONE'!K623 -> 68 | AW35: ='FBMS-HND LEVEL ONE'!L623 -> B | AX35: ='FBMS-HND LEVEL ONE'!E694 -> 10 | AY35: ='FBMS-HND LEVEL ONE'!F694 -> 24 | AZ35: ='FBMS-HND LEVEL ONE'!J694 -> 45 | BA35: ='FBMS-HND LEVEL ONE'!K694 -> 79 | BB35: ='FBMS-HND LEVEL ONE'!L694 -> B+ | BC35: ='FBMS-HND LEVEL ONE'!E769 -> 8 | BD35: ='FBMS-HND LEVEL ONE'!F769 -> 14 | BE35: ='FBMS-HND LEVEL ONE'!J769 -> 20 | BF35: ='FBMS-HND LEVEL ONE'!K769 -> 42 | BG35: ='FBMS-HND LEVEL ONE'!L769 -> D | BH35: ='FBMS-HND LEVEL ONE'!E837 -> 10 | BI35: ='FBMS-HND LEVEL ONE'!F837 -> 24 | BJ35: ='FBMS-HND LEVEL ONE'!J837 -> 41 | BK35: ='FBMS-HND LEVEL ONE'!K837 -> 75 | BL35: ='FBMS-HND LEVEL ONE'!L837 -> B+ | BM35: ='FBMS-HND LEVEL ONE'!E909 -> 10 | BN35: ='FBMS-HND LEVEL ONE'!F909 -> 19.5 | BO35: ='FBMS-HND LEVEL ONE'!J909 -> 41 | BP35: ='FBMS-HND LEVEL ONE'!K909 -> 70.5 | BQ35: ='FBMS-HND LEVEL ONE'!L909 -> B+
A36: 28 | B36: 400123 | C36: Tata Shella Ijang | D36: 400123 | E36: ='FBMS-HND LEVEL ONE'!E39 -> 10 | F36: ='FBMS-HND LEVEL ONE'!F39 -> 7 | G36: ='FBMS-HND LEVEL ONE'!J39 -> 42 | H36: ='FBMS-HND LEVEL ONE'!K39 -> 59 | I36: ='FBMS-HND LEVEL ONE'!L39 -> C+ | J36: ='FBMS-HND LEVEL ONE'!E108 -> 9 | K36: ='FBMS-HND LEVEL ONE'!F108 -> 13 | L36: ='FBMS-HND LEVEL ONE'!J108 -> 38 | M36: ='FBMS-HND LEVEL ONE'!K108 -> 60 | N36: ='FBMS-HND LEVEL ONE'!L108 -> B | O36: ='FBMS-HND LEVEL ONE'!E188 -> 9 | P36: ='FBMS-HND LEVEL ONE'!F188 -> 22 | Q36: ='FBMS-HND LEVEL ONE'!J188 -> 25 | R36: ='FBMS-HND LEVEL ONE'!K188 -> 56 | S36: ='FBMS-HND LEVEL ONE'!L188 -> C+ | T36: ='FBMS-HND LEVEL ONE'!E257 -> 9 | U36: ='FBMS-HND LEVEL ONE'!F257 -> 16 | V36: ='FBMS-HND LEVEL ONE'!J257 -> 25 | W36: ='FBMS-HND LEVEL ONE'!K257 -> 50 | X36: ='FBMS-HND LEVEL ONE'!L257 -> C | Y36: ='FBMS-HND LEVEL ONE'!E329 -> 8 | Z36: ='FBMS-HND LEVEL ONE'!F329 -> 9 | AA36: ='FBMS-HND LEVEL ONE'!J329 -> 16 | AB36: ='FBMS-HND LEVEL ONE'!K329 -> 33 | AC36: ='FBMS-HND LEVEL ONE'!L329 -> F | AD36: ='FBMS-HND LEVEL ONE'!E400 -> 9 | AE36: ='FBMS-HND LEVEL ONE'!F400 -> 23 | AF36: ='FBMS-HND LEVEL ONE'!J400 -> 28 | AG36: ='FBMS-HND LEVEL ONE'!K400 -> 60 | AH36: ='FBMS-HND LEVEL ONE'!L400 -> B | AI36: ='FBMS-HND LEVEL ONE'!E478 -> 10 | AJ36: ='FBMS-HND LEVEL ONE'!F478 -> 20 | AK36: ='FBMS-HND LEVEL ONE'!J478 -> 28 | AL36: ='FBMS-HND LEVEL ONE'!K478 -> 58 | AM36: ='FBMS-HND LEVEL ONE'!L478 -> C+ | AN36: ='FBMS-HND LEVEL ONE'!E554 -> 8 | AO36: ='FBMS-HND LEVEL ONE'!F554 -> 20 | AP36: ='FBMS-HND LEVEL ONE'!J554 -> 49 | AQ36: ='FBMS-HND LEVEL ONE'!K554 -> 77 | AR36: ='FBMS-HND LEVEL ONE'!L554 -> B+ | AS36: ='FBMS-HND LEVEL ONE'!E624 -> 10 | AT36: ='FBMS-HND LEVEL ONE'!F624 -> 16 | AU36: ='FBMS-HND LEVEL ONE'!J624 -> 53 | AV36: ='FBMS-HND LEVEL ONE'!K624 -> 79 | AW36: ='FBMS-HND LEVEL ONE'!L624 -> B+ | AX36: ='FBMS-HND LEVEL ONE'!E695 -> 9 | AY36: ='FBMS-HND LEVEL ONE'!F695 -> 15 | AZ36: ='FBMS-HND LEVEL ONE'!J695 -> 39 | BA36: ='FBMS-HND LEVEL ONE'!K695 -> 63 | BB36: ='FBMS-HND LEVEL ONE'!L695 -> B | BC36: ='FBMS-HND LEVEL ONE'!E770 -> 8 | BD36: ='FBMS-HND LEVEL ONE'!F770 -> 22 | BE36: ='FBMS-HND LEVEL ONE'!J770 -> 20 | BF36: ='FBMS-HND LEVEL ONE'!K770 -> 50 | BG36: ='FBMS-HND LEVEL ONE'!L770 -> C | BH36: ='FBMS-HND LEVEL ONE'!E838 -> 10 | BI36: ='FBMS-HND LEVEL ONE'!F838 -> 25 | BJ36: ='FBMS-HND LEVEL ONE'!J838 -> 40 | BK36: ='FBMS-HND LEVEL ONE'!K838 -> 75 | BL36: ='FBMS-HND LEVEL ONE'!L838 -> B+ | BM36: ='FBMS-HND LEVEL ONE'!E910 -> 8 | BN36: ='FBMS-HND LEVEL ONE'!F910 -> 18 | BO36: ='FBMS-HND LEVEL ONE'!J910 -> 37 | BP36: ='FBMS-HND LEVEL ONE'!K910 -> 63 | BQ36: ='FBMS-HND LEVEL ONE'!L910 -> B
A37: 29 | B37: 378623H | C37: Keunang Tchouala Blaise | D37: 378623H | E37: ='FBMS-HND LEVEL ONE'!E40 -> 10 | F37: ='FBMS-HND LEVEL ONE'!F40 -> 9 | G37: ='FBMS-HND LEVEL ONE'!J40 -> 44 | H37: ='FBMS-HND LEVEL ONE'!K40 -> 63 | I37: ='FBMS-HND LEVEL ONE'!L40 -> B | J37: ='FBMS-HND LEVEL ONE'!E109 -> 10 | K37: ='FBMS-HND LEVEL ONE'!F109 -> 22 | L37: ='FBMS-HND LEVEL ONE'!J109 -> 2 | M37: ='FBMS-HND LEVEL ONE'!K109 -> 34 | N37: ='FBMS-HND LEVEL ONE'!L109 -> F | O37: ='FBMS-HND LEVEL ONE'!E189 -> 10 | P37: ='FBMS-HND LEVEL ONE'!F189 -> 20 | Q37: ='FBMS-HND LEVEL ONE'!J189 -> 8 | R37: ='FBMS-HND LEVEL ONE'!K189 -> 38 | S37: ='FBMS-HND LEVEL ONE'!L189 -> F | T37: ='FBMS-HND LEVEL ONE'!E258 -> 10 | U37: ='FBMS-HND LEVEL ONE'!F258 -> 19 | V37: ='FBMS-HND LEVEL ONE'!J258 -> 22 | W37: ='FBMS-HND LEVEL ONE'!K258 -> 51 | X37: ='FBMS-HND LEVEL ONE'!L258 -> C | Y37: ='FBMS-HND LEVEL ONE'!E330 -> 10 | Z37: ='FBMS-HND LEVEL ONE'!F330 -> 17 | AA37: ='FBMS-HND LEVEL ONE'!J330 -> 34 | AB37: ='FBMS-HND LEVEL ONE'!K330 -> 61 | AC37: ='FBMS-HND LEVEL ONE'!L330 -> B | AD37: ='FBMS-HND LEVEL ONE'!E401 -> 10 | AE37: ='FBMS-HND LEVEL ONE'!F401 -> 27 | AF37: ='FBMS-HND LEVEL ONE'!J401 -> 22 | AG37: ='FBMS-HND LEVEL ONE'!K401 -> 59 | AH37: ='FBMS-HND LEVEL ONE'!L401 -> C+ | AI37: ='FBMS-HND LEVEL ONE'!E479 -> 10 | AJ37: ='FBMS-HND LEVEL ONE'!F479 -> 23 | AK37: ='FBMS-HND LEVEL ONE'!J479 -> 22 | AL37: ='FBMS-HND LEVEL ONE'!K479 -> 55 | AM37: ='FBMS-HND LEVEL ONE'!L479 -> C+ | AN37: ='FBMS-HND LEVEL ONE'!E555 -> 10 | AO37: ='FBMS-HND LEVEL ONE'!F555 -> 21 | AP37: ='FBMS-HND LEVEL ONE'!J555 -> 7 | AQ37: ='FBMS-HND LEVEL ONE'!K555 -> 38 | AR37: ='FBMS-HND LEVEL ONE'!L555 -> F | AS37: ='FBMS-HND LEVEL ONE'!E625 -> 10 | AT37: ='FBMS-HND LEVEL ONE'!F625 -> 17 | AU37: ='FBMS-HND LEVEL ONE'!J625 -> 35 | AV37: ='FBMS-HND LEVEL ONE'!K625 -> 62 | AW37: ='FBMS-HND LEVEL ONE'!L625 -> B | AX37: ='FBMS-HND LEVEL ONE'!E696 -> 10 | AY37: ='FBMS-HND LEVEL ONE'!F696 -> 15 | AZ37: ='FBMS-HND LEVEL ONE'!J696 -> 11 | BA37: ='FBMS-HND LEVEL ONE'!K696 -> 36 | BB37: ='FBMS-HND LEVEL ONE'!L696 -> F | BC37: ='FBMS-HND LEVEL ONE'!E771 -> 8 | BD37: ='FBMS-HND LEVEL ONE'!F771 -> 21 | BE37: ='FBMS-HND LEVEL ONE'!J771 -> 48 | BF37: ='FBMS-HND LEVEL ONE'!K771 -> 77 | BG37: ='FBMS-HND LEVEL ONE'!L771 -> B+ | BH37: ='FBMS-HND LEVEL ONE'!E839 -> 10 | BI37: ='FBMS-HND LEVEL ONE'!F839 -> 26 | BJ37: ='FBMS-HND LEVEL ONE'!J839 -> 18 | BK37: ='FBMS-HND LEVEL ONE'!K839 -> 54 | BL37: ='FBMS-HND LEVEL ONE'!L839 -> C | BM37: ='FBMS-HND LEVEL ONE'!E911 -> 10 | BN37: ='FBMS-HND LEVEL ONE'!F911 -> 20 | BO37: ='FBMS-HND LEVEL ONE'!J911 -> 43 | BP37: ='FBMS-HND LEVEL ONE'!K911 -> 73 | BQ37: ='FBMS-HND LEVEL ONE'!L911 -> B+
A38: 30 | B38: 379223H | C38: Teko Desmourine Engonwei | D38: 379223H | E38: ='FBMS-HND LEVEL ONE'!E41 -> 10 | F38: ='FBMS-HND LEVEL ONE'!F41 -> 21 | G38: ='FBMS-HND LEVEL ONE'!J41 -> 56 | H38: ='FBMS-HND LEVEL ONE'!K41 -> 87 | I38: ='FBMS-HND LEVEL ONE'!L41 -> A | J38: ='FBMS-HND LEVEL ONE'!E110 -> 10 | K38: ='FBMS-HND LEVEL ONE'!F110 -> 19.5 | L38: ='FBMS-HND LEVEL ONE'!J110 -> 33 | M38: ='FBMS-HND LEVEL ONE'!K110 -> 62.5 | N38: ='FBMS-HND LEVEL ONE'!L110 -> B | O38: ='FBMS-HND LEVEL ONE'!E190 -> 10 | P38: ='FBMS-HND LEVEL ONE'!F190 -> 25 | Q38: ='FBMS-HND LEVEL ONE'!J190 -> 37 | R38: ='FBMS-HND LEVEL ONE'!K190 -> 72 | S38: ='FBMS-HND LEVEL ONE'!L190 -> B+ | T38: ='FBMS-HND LEVEL ONE'!E259 -> 10 | U38: ='FBMS-HND LEVEL ONE'!F259 -> 25 | V38: ='FBMS-HND LEVEL ONE'!J259 -> 35 | W38: ='FBMS-HND LEVEL ONE'!K259 -> 70 | X38: ='FBMS-HND LEVEL ONE'!L259 -> B+ | Y38: ='FBMS-HND LEVEL ONE'!E331 -> 10 | Z38: ='FBMS-HND LEVEL ONE'!F331 -> 23 | AA38: ='FBMS-HND LEVEL ONE'!J331 -> 38 | AB38: ='FBMS-HND LEVEL ONE'!K331 -> 71 | AC38: ='FBMS-HND LEVEL ONE'!L331 -> B+ | AD38: ='FBMS-HND LEVEL ONE'!E402 -> 9 | AE38: ='FBMS-HND LEVEL ONE'!F402 -> 29 | AF38: ='FBMS-HND LEVEL ONE'!J402 -> 47 | AG38: ='FBMS-HND LEVEL ONE'!K402 -> 85 | AH38: ='FBMS-HND LEVEL ONE'!L402 -> A | AI38: ='FBMS-HND LEVEL ONE'!E480 -> 10 | AJ38: ='FBMS-HND LEVEL ONE'!F480 -> 26 | AK38: ='FBMS-HND LEVEL ONE'!J480 -> 40 | AL38: ='FBMS-HND LEVEL ONE'!K480 -> 76 | AM38: ='FBMS-HND LEVEL ONE'!L480 -> B+ | AN38: ='FBMS-HND LEVEL ONE'!E556 -> 10 | AO38: ='FBMS-HND LEVEL ONE'!F556 -> 24 | AP38: ='FBMS-HND LEVEL ONE'!J556 -> 32 | AQ38: ='FBMS-HND LEVEL ONE'!K556 -> 66 | AR38: ='FBMS-HND LEVEL ONE'!L556 -> B | AS38: ='FBMS-HND LEVEL ONE'!E626 -> 10 | AT38: ='FBMS-HND LEVEL ONE'!F626 -> 17 | AU38: ='FBMS-HND LEVEL ONE'!J626 -> 39 | AV38: ='FBMS-HND LEVEL ONE'!K626 -> 66 | AW38: ='FBMS-HND LEVEL ONE'!L626 -> B | AX38: ='FBMS-HND LEVEL ONE'!E697 -> 9 | AY38: ='FBMS-HND LEVEL ONE'!F697 -> 15 | AZ38: ='FBMS-HND LEVEL ONE'!J697 -> 33 | BA38: ='FBMS-HND LEVEL ONE'!K697 -> 57 | BB38: ='FBMS-HND LEVEL ONE'!L697 -> C+ | BC38: ='FBMS-HND LEVEL ONE'!E772 -> 8 | BD38: ='FBMS-HND LEVEL ONE'!F772 -> 19 | BE38: ='FBMS-HND LEVEL ONE'!J772 -> 20 | BF38: ='FBMS-HND LEVEL ONE'!K772 -> 47 | BG38: ='FBMS-HND LEVEL ONE'!L772 -> D+ | BH38: ='FBMS-HND LEVEL ONE'!E840 -> 10 | BI38: ='FBMS-HND LEVEL ONE'!F840 -> 24 | BJ38: ='FBMS-HND LEVEL ONE'!J840 -> 36 | BK38: ='FBMS-HND LEVEL ONE'!K840 -> 70 | BL38: ='FBMS-HND LEVEL ONE'!L840 -> B+ | BM38: ='FBMS-HND LEVEL ONE'!E912 -> 10 | BN38: ='FBMS-HND LEVEL ONE'!F912 -> 19 | BO38: ='FBMS-HND LEVEL ONE'!J912 -> 32 | BP38: ='FBMS-HND LEVEL ONE'!K912 -> 61 | BQ38: ='FBMS-HND LEVEL ONE'!L912 -> B
A39: 31 | B39: 384523H | C39: Tubong Precious Njua | D39: 384523H | E39: ='FBMS-HND LEVEL ONE'!E42 -> 9 | F39: ='FBMS-HND LEVEL ONE'!F42 -> 24 | G39: ='FBMS-HND LEVEL ONE'!J42 -> 37 | H39: ='FBMS-HND LEVEL ONE'!K42 -> 70 | I39: ='FBMS-HND LEVEL ONE'!L42 -> B+ | J39: ='FBMS-HND LEVEL ONE'!E111 -> 9 | K39: ='FBMS-HND LEVEL ONE'!F111 -> 27.5 | L39: ='FBMS-HND LEVEL ONE'!J111 -> 33 | M39: ='FBMS-HND LEVEL ONE'!K111 -> 69.5 | N39: ='FBMS-HND LEVEL ONE'!L111 -> B | O39: ='FBMS-HND LEVEL ONE'!E191 -> 9 | P39: ='FBMS-HND LEVEL ONE'!F191 -> 25 | Q39: ='FBMS-HND LEVEL ONE'!J191 -> 20 | R39: ='FBMS-HND LEVEL ONE'!K191 -> 54 | S39: ='FBMS-HND LEVEL ONE'!L191 -> C | T39: ='FBMS-HND LEVEL ONE'!E260 -> x | U39: ='FBMS-HND LEVEL ONE'!F260 -> x | V39: ='FBMS-HND LEVEL ONE'!J260 -> ABS | W39: ='FBMS-HND LEVEL ONE'!K260 -> 0 | X39: ='FBMS-HND LEVEL ONE'!L260 -> 0 | Y39: ='FBMS-HND LEVEL ONE'!E332 -> 9 | Z39: ='FBMS-HND LEVEL ONE'!F332 -> 12 | AA39: ='FBMS-HND LEVEL ONE'!J332 -> 13 | AB39: ='FBMS-HND LEVEL ONE'!K332 -> 34 | AC39: ='FBMS-HND LEVEL ONE'!L332 -> F | AD39: ='FBMS-HND LEVEL ONE'!E403 -> 9 | AE39: ='FBMS-HND LEVEL ONE'!F403 -> 25 | AF39: ='FBMS-HND LEVEL ONE'!J403 -> 50 | AG39: ='FBMS-HND LEVEL ONE'!K403 -> 84 | AH39: ='FBMS-HND LEVEL ONE'!L403 -> A | AI39: ='FBMS-HND LEVEL ONE'!E481 -> 8 | AJ39: ='FBMS-HND LEVEL ONE'!F481 -> 25 | AK39: ='FBMS-HND LEVEL ONE'!J481 -> 45 | AL39: ='FBMS-HND LEVEL ONE'!K481 -> 78 | AM39: ='FBMS-HND LEVEL ONE'!L481 -> B+ | AN39: ='FBMS-HND LEVEL ONE'!E557 -> 10 | AO39: ='FBMS-HND LEVEL ONE'!F557 -> 18 | AP39: ='FBMS-HND LEVEL ONE'!J557 -> 29 | AQ39: ='FBMS-HND LEVEL ONE'!K557 -> 57 | AR39: ='FBMS-HND LEVEL ONE'!L557 -> C+ | AS39: ='FBMS-HND LEVEL ONE'!E627 -> 10 | AT39: ='FBMS-HND LEVEL ONE'!F627 -> 19 | AU39: ='FBMS-HND LEVEL ONE'!J627 -> 29 | AV39: ='FBMS-HND LEVEL ONE'!K627 -> 58 | AW39: ='FBMS-HND LEVEL ONE'!L627 -> C+ | AX39: ='FBMS-HND LEVEL ONE'!E698 -> 10 | AY39: ='FBMS-HND LEVEL ONE'!F698 -> 21 | AZ39: ='FBMS-HND LEVEL ONE'!J698 -> 29 | BA39: ='FBMS-HND LEVEL ONE'!K698 -> 60 | BB39: ='FBMS-HND LEVEL ONE'!L698 -> B | BC39: ='FBMS-HND LEVEL ONE'!E773 -> 8 | BD39: ='FBMS-HND LEVEL ONE'!F773 -> 14 | BE39: ='FBMS-HND LEVEL ONE'!J773 -> 38 | BF39: ='FBMS-HND LEVEL ONE'!K773 -> 60 | BG39: ='FBMS-HND LEVEL ONE'!L773 -> B | BH39: ='FBMS-HND LEVEL ONE'!E841 -> 10 | BI39: ='FBMS-HND LEVEL ONE'!F841 -> 25 | BJ39: ='FBMS-HND LEVEL ONE'!J841 -> 41 | BK39: ='FBMS-HND LEVEL ONE'!K841 -> 76 | BL39: ='FBMS-HND LEVEL ONE'!L841 -> B+ | BM39: ='FBMS-HND LEVEL ONE'!E913 -> 10 | BN39: ='FBMS-HND LEVEL ONE'!F913 -> 9 | BO39: ='FBMS-HND LEVEL ONE'!J913 -> 34 | BP39: ='FBMS-HND LEVEL ONE'!K913 -> 53 | BQ39: ='FBMS-HND LEVEL ONE'!L913 -> C
A40: 32 | B40: 385223H | C40: Abengchie Favour Mbei | D40: 385223H | E40: ='FBMS-HND LEVEL ONE'!E43 -> 10 | F40: ='FBMS-HND LEVEL ONE'!F43 -> 14 | G40: ='FBMS-HND LEVEL ONE'!J43 -> 43 | H40: ='FBMS-HND LEVEL ONE'!K43 -> 67 | I40: ='FBMS-HND LEVEL ONE'!L43 -> B | J40: ='FBMS-HND LEVEL ONE'!E112 -> 10 | K40: ='FBMS-HND LEVEL ONE'!F112 -> 23 | L40: ='FBMS-HND LEVEL ONE'!J112 -> 32 | M40: ='FBMS-HND LEVEL ONE'!K112 -> 65 | N40: ='FBMS-HND LEVEL ONE'!L112 -> B | O40: ='FBMS-HND LEVEL ONE'!E192 -> 10 | P40: ='FBMS-HND LEVEL ONE'!F192 -> 25 | Q40: ='FBMS-HND LEVEL ONE'!J192 -> 23 | R40: ='FBMS-HND LEVEL ONE'!K192 -> 58 | S40: ='FBMS-HND LEVEL ONE'!L192 -> C+ | T40: ='FBMS-HND LEVEL ONE'!E261 -> 9 | U40: ='FBMS-HND LEVEL ONE'!F261 -> 18 | V40: ='FBMS-HND LEVEL ONE'!J261 -> 18 | W40: ='FBMS-HND LEVEL ONE'!K261 -> 45 | X40: ='FBMS-HND LEVEL ONE'!L261 -> D+ | Y40: ='FBMS-HND LEVEL ONE'!E333 -> 9 | Z40: ='FBMS-HND LEVEL ONE'!F333 -> 10 | AA40: ='FBMS-HND LEVEL ONE'!J333 -> 35 | AB40: ='FBMS-HND LEVEL ONE'!K333 -> 54 | AC40: ='FBMS-HND LEVEL ONE'!L333 -> C | AD40: ='FBMS-HND LEVEL ONE'!E404 -> 9 | AE40: ='FBMS-HND LEVEL ONE'!F404 -> 9 | AF40: ='FBMS-HND LEVEL ONE'!J404 -> 24 | AG40: ='FBMS-HND LEVEL ONE'!K404 -> 42 | AH40: ='FBMS-HND LEVEL ONE'!L404 -> D | AI40: ='FBMS-HND LEVEL ONE'!E482 -> 10 | AJ40: ='FBMS-HND LEVEL ONE'!F482 -> 23 | AK40: ='FBMS-HND LEVEL ONE'!J482 -> 32 | AL40: ='FBMS-HND LEVEL ONE'!K482 -> 65 | AM40: ='FBMS-HND LEVEL ONE'!L482 -> B | AN40: ='FBMS-HND LEVEL ONE'!E558 -> 10 | AO40: ='FBMS-HND LEVEL ONE'!F558 -> 15 | AP40: ='FBMS-HND LEVEL ONE'!J558 -> 19 | AQ40: ='FBMS-HND LEVEL ONE'!K558 -> 44 | AR40: ='FBMS-HND LEVEL ONE'!L558 -> D | AS40: ='FBMS-HND LEVEL ONE'!E628 -> 10 | AT40: ='FBMS-HND LEVEL ONE'!F628 -> 19 | AU40: ='FBMS-HND LEVEL ONE'!J628 -> 24 | AV40: ='FBMS-HND LEVEL ONE'!K628 -> 53 | AW40: ='FBMS-HND LEVEL ONE'!L628 -> C | AX40: ='FBMS-HND LEVEL ONE'!E699 -> 10 | AY40: ='FBMS-HND LEVEL ONE'!F699 -> 15 | AZ40: ='FBMS-HND LEVEL ONE'!J699 -> 4 | BA40: ='FBMS-HND LEVEL ONE'!K699 -> 29 | BB40: ='FBMS-HND LEVEL ONE'!L699 -> F | BC40: ='FBMS-HND LEVEL ONE'!E774 -> 8 | BD40: ='FBMS-HND LEVEL ONE'!F774 -> 19 | BE40: ='FBMS-HND LEVEL ONE'!J774 -> 44 | BF40: ='FBMS-HND LEVEL ONE'!K774 -> 71 | BG40: ='FBMS-HND LEVEL ONE'!L774 -> B+ | BH40: ='FBMS-HND LEVEL ONE'!E842 -> 10 | BI40: ='FBMS-HND LEVEL ONE'!F842 -> 18 | BJ40: ='FBMS-HND LEVEL ONE'!J842 -> 1 | BK40: ='FBMS-HND LEVEL ONE'!K842 -> 29 | BL40: ='FBMS-HND LEVEL ONE'!L842 -> F | BM40: ='FBMS-HND LEVEL ONE'!E914 -> 10 | BN40: ='FBMS-HND LEVEL ONE'!F914 -> 20 | BO40: ='FBMS-HND LEVEL ONE'!J914 -> 44 | BP40: ='FBMS-HND LEVEL ONE'!K914 -> 74 | BQ40: ='FBMS-HND LEVEL ONE'!L914 -> B+
A41: 33 | B41: 376723H | C41: Nge Vema Wirnyu | D41: 376723H | E41: ='FBMS-HND LEVEL ONE'!E44 -> 9 | F41: ='FBMS-HND LEVEL ONE'!F44 -> 16 | G41: ='FBMS-HND LEVEL ONE'!J44 -> 28 | H41: ='FBMS-HND LEVEL ONE'!K44 -> 53 | I41: ='FBMS-HND LEVEL ONE'!L44 -> C | J41: ='FBMS-HND LEVEL ONE'!E113 -> 9 | K41: ='FBMS-HND LEVEL ONE'!F113 -> 30 | L41: ='FBMS-HND LEVEL ONE'!J113 -> 11 | M41: ='FBMS-HND LEVEL ONE'!K113 -> 50 | N41: ='FBMS-HND LEVEL ONE'!L113 -> C | O41: ='FBMS-HND LEVEL ONE'!E193 -> 10 | P41: ='FBMS-HND LEVEL ONE'!F193 -> 26 | Q41: ='FBMS-HND LEVEL ONE'!J193 -> 23 | R41: ='FBMS-HND LEVEL ONE'!K193 -> 59 | S41: ='FBMS-HND LEVEL ONE'!L193 -> C+ | T41: ='FBMS-HND LEVEL ONE'!E262 -> 9 | U41: ='FBMS-HND LEVEL ONE'!F262 -> 16 | V41: ='FBMS-HND LEVEL ONE'!J262 -> 33 | W41: ='FBMS-HND LEVEL ONE'!K262 -> 58 | X41: ='FBMS-HND LEVEL ONE'!L262 -> C+ | Y41: ='FBMS-HND LEVEL ONE'!E334 -> 10 | Z41: ='FBMS-HND LEVEL ONE'!F334 -> 18 | AA41: ='FBMS-HND LEVEL ONE'!J334 -> 9 | AB41: ='FBMS-HND LEVEL ONE'!K334 -> 37 | AC41: ='FBMS-HND LEVEL ONE'!L334 -> F | AD41: ='FBMS-HND LEVEL ONE'!E405 -> 9 | AE41: ='FBMS-HND LEVEL ONE'!F405 -> 17 | AF41: ='FBMS-HND LEVEL ONE'!J405 -> 35 | AG41: ='FBMS-HND LEVEL ONE'!K405 -> 61 | AH41: ='FBMS-HND LEVEL ONE'!L405 -> B | AI41: ='FBMS-HND LEVEL ONE'!E483 -> 9 | AJ41: ='FBMS-HND LEVEL ONE'!F483 -> 23 | AK41: ='FBMS-HND LEVEL ONE'!J483 -> 21 | AL41: ='FBMS-HND LEVEL ONE'!K483 -> 53 | AM41: ='FBMS-HND LEVEL ONE'!L483 -> C | AN41: ='FBMS-HND LEVEL ONE'!E559 -> 9 | AO41: ='FBMS-HND LEVEL ONE'!F559 -> 19 | AP41: ='FBMS-HND LEVEL ONE'!J559 -> 31 | AQ41: ='FBMS-HND LEVEL ONE'!K559 -> 59 | AR41: ='FBMS-HND LEVEL ONE'!L559 -> C+ | AS41: ='FBMS-HND LEVEL ONE'!E629 -> 10 | AT41: ='FBMS-HND LEVEL ONE'!F629 -> 17 | AU41: ='FBMS-HND LEVEL ONE'!J629 -> 26 | AV41: ='FBMS-HND LEVEL ONE'!K629 -> 53 | AW41: ='FBMS-HND LEVEL ONE'!L629 -> C | AX41: ='FBMS-HND LEVEL ONE'!E700 -> 9 | AY41: ='FBMS-HND LEVEL ONE'!F700 -> 11 | AZ41: ='FBMS-HND LEVEL ONE'!J700 -> 30 | BA41: ='FBMS-HND LEVEL ONE'!K700 -> 50 | BB41: ='FBMS-HND LEVEL ONE'!L700 -> C | BC41: ='FBMS-HND LEVEL ONE'!E775 -> 8 | BD41: ='FBMS-HND LEVEL ONE'!F775 -> 17 | BE41: ='FBMS-HND LEVEL ONE'!J775 -> 38 | BF41: ='FBMS-HND LEVEL ONE'!K775 -> 63 | BG41: ='FBMS-HND LEVEL ONE'!L775 -> B | BH41: ='FBMS-HND LEVEL ONE'!E843 -> 10 | BI41: ='FBMS-HND LEVEL ONE'!F843 -> 28 | BJ41: ='FBMS-HND LEVEL ONE'!J843 -> 12 | BK41: ='FBMS-HND LEVEL ONE'!K843 -> 50 | BL41: ='FBMS-HND LEVEL ONE'!L843 -> C | BM41: ='FBMS-HND LEVEL ONE'!E915 -> 8 | BN41: ='FBMS-HND LEVEL ONE'!F915 -> 8 | BO41: ='FBMS-HND LEVEL ONE'!J915 -> 39 | BP41: ='FBMS-HND LEVEL ONE'!K915 -> 55 | BQ41: ='FBMS-HND LEVEL ONE'!L915 -> C+
A42: 34 | B42: 373523H | C42: Ankinimbom Tina Fienkeh | D42: 373523H | E42: ='FBMS-HND LEVEL ONE'!E45 -> 8 | F42: ='FBMS-HND LEVEL ONE'!F45 -> 9 | G42: ='FBMS-HND LEVEL ONE'!J45 -> 15 | H42: ='FBMS-HND LEVEL ONE'!K45 -> 32 | I42: ='FBMS-HND LEVEL ONE'!L45 -> F | J42: ='FBMS-HND LEVEL ONE'!E114 -> 10 | K42: ='FBMS-HND LEVEL ONE'!F114 -> 26 | L42: ='FBMS-HND LEVEL ONE'!J114 -> 16 | M42: ='FBMS-HND LEVEL ONE'!K114 -> 52 | N42: ='FBMS-HND LEVEL ONE'!L114 -> C | O42: ='FBMS-HND LEVEL ONE'!E194 -> 10 | P42: ='FBMS-HND LEVEL ONE'!F194 -> 20.5 | Q42: ='FBMS-HND LEVEL ONE'!J194 -> 11 | R42: ='FBMS-HND LEVEL ONE'!K194 -> 41.5 | S42: ='FBMS-HND LEVEL ONE'!L194 -> D | T42: ='FBMS-HND LEVEL ONE'!E263 -> 9 | U42: ='FBMS-HND LEVEL ONE'!F263 -> 18 | V42: ='FBMS-HND LEVEL ONE'!J263 -> 23 | W42: ='FBMS-HND LEVEL ONE'!K263 -> 50 | X42: ='FBMS-HND LEVEL ONE'!L263 -> C | Y42: ='FBMS-HND LEVEL ONE'!E335 -> 10 | Z42: ='FBMS-HND LEVEL ONE'!F335 -> 21 | AA42: ='FBMS-HND LEVEL ONE'!J335 -> 14 | AB42: ='FBMS-HND LEVEL ONE'!K335 -> 45 | AC42: ='FBMS-HND LEVEL ONE'!L335 -> D+ | AD42: ='FBMS-HND LEVEL ONE'!E406 -> 9 | AE42: ='FBMS-HND LEVEL ONE'!F406 -> 16 | AF42: ='FBMS-HND LEVEL ONE'!J406 -> 14 | AG42: ='FBMS-HND LEVEL ONE'!K406 -> 39 | AH42: ='FBMS-HND LEVEL ONE'!L406 -> F | AI42: ='FBMS-HND LEVEL ONE'!E484 -> 10 | AJ42: ='FBMS-HND LEVEL ONE'!F484 -> 22 | AK42: ='FBMS-HND LEVEL ONE'!J484 -> 27 | AL42: ='FBMS-HND LEVEL ONE'!K484 -> 59 | AM42: ='FBMS-HND LEVEL ONE'!L484 -> C+ | AN42: ='FBMS-HND LEVEL ONE'!E560 -> 10 | AO42: ='FBMS-HND LEVEL ONE'!F560 -> 20 | AP42: ='FBMS-HND LEVEL ONE'!J560 -> 22 | AQ42: ='FBMS-HND LEVEL ONE'!K560 -> 52 | AR42: ='FBMS-HND LEVEL ONE'!L560 -> C | AS42: ='FBMS-HND LEVEL ONE'!E630 -> 10 | AT42: ='FBMS-HND LEVEL ONE'!F630 -> 19 | AU42: ='FBMS-HND LEVEL ONE'!J630 -> 15 | AV42: ='FBMS-HND LEVEL ONE'!K630 -> 44 | AW42: ='FBMS-HND LEVEL ONE'!L630 -> D | AX42: ='FBMS-HND LEVEL ONE'!E701 -> 10 | AY42: ='FBMS-HND LEVEL ONE'!F701 -> 12 | AZ42: ='FBMS-HND LEVEL ONE'!J701 -> 5 | BA42: ='FBMS-HND LEVEL ONE'!K701 -> 27 | BB42: ='FBMS-HND LEVEL ONE'!L701 -> F | BC42: ='FBMS-HND LEVEL ONE'!E776 -> 8 | BD42: ='FBMS-HND LEVEL ONE'!F776 -> 17 | BE42: ='FBMS-HND LEVEL ONE'!J776 -> 38 | BF42: ='FBMS-HND LEVEL ONE'!K776 -> 63 | BG42: ='FBMS-HND LEVEL ONE'!L776 -> B | BH42: ='FBMS-HND LEVEL ONE'!E844 -> 10 | BI42: ='FBMS-HND LEVEL ONE'!F844 -> 20 | BJ42: ='FBMS-HND LEVEL ONE'!J844 -> 3 | BK42: ='FBMS-HND LEVEL ONE'!K844 -> 33 | BL42: ='FBMS-HND LEVEL ONE'!L844 -> F | BM42: ='FBMS-HND LEVEL ONE'!E916 -> 8 | BN42: ='FBMS-HND LEVEL ONE'!F916 -> 10 | BO42: ='FBMS-HND LEVEL ONE'!J916 -> 35 | BP42: ='FBMS-HND LEVEL ONE'!K916 -> 53 | BQ42: ='FBMS-HND LEVEL ONE'!L916 -> C
